id,Date,City,Rep,Store,Prod,Cost,Sale
1,10/9/2005,Jubail,Yahia,Othaim,Toys,373.665,498.22
2,10/28/2005,Abha,Yahia,Panda,Toys,2714.0059,4600.01
3,2/18/2006,Riyadh,Mjeed,Lulu,Home,3718.965,4958.62
4,1/1/2006,Jubail,Yahia,Panda,Home,2791.4493,4731.27
5,1/29/2005,Jeddah,Mjeed,Panda,Home,185.3816,272.62
6,1/12/2005,Dammam,Abdul,Othaim,Food,3305.9025,7346.45
7,1/19/2006,Dammam,Yahia,Lulu,Office,5358.7672,7880.54
8,10/12/2004,Hail,Yahia,Othaim,Toys,7133.745,9511.66
9,3/15/2005,Dammam,Maliha,Carrefour,Food,3491.8709,8120.63
10,2/17/2006,Jeddah,Yahia,Lulu,Office,1350.063,3000.14
11,12/14/2005,Jubail,Yahia,Carrefour,Food,947.6383,2203.81
12,10/15/2004,Jeddah,Ghalia,Panda,Home,2648.9625,3531.95
13,12/26/2005,Jeddah,Maliha,Carrefour,Home,3309.46,3760.75
14,3/1/2006,Jeddah,Maliha,Carrefour,Toys,1277.9686,2972.02
15,12/9/2005,Dammam,Yahia,Lulu,Office,3923.2192,5769.44
16,12/15/2004,Riyadh,Maliha,Lulu,Office,1378.5929,3206.03
17,6/15/2006,Hail,Abdul,Carrefour,Office,5406.2703,9163.17
18,10/11/2005,Riyadh,Maliha,Panda,Food,396.1265,720.23
19,9/16/2005,Riyadh,Ghalia,Lulu,Food,266.3024,451.36
20,9/3/2005,Jubail,Ghalia,Carrefour,Office,2499.629,4544.78
21,12/26/2004,Jubail,Abdul,Carrefour,Home,4914.2984,5584.43
22,12/28/2015,Dammam,Maliha,Carrefour,Toys,7221.7024,8206.48
23,5/20/2005,Hail,Abdul,Lulu,Food,2929.712,4308.4
24,3/15/2006,Jeddah,Ghalia,Lulu,Food,3260.004,3704.55
25,1/11/2006,Jeddah,Maliha,Panda,Home,3249.56445,3475.47
26,4/5/2005,Abha,Yahia,Panda,Toys,4593.6924,6755.43
27,6/26/2004,Abha,Mjeed,Othaim,Office,5927.724,6736.05
28,7/17/2005,Abha,Ghalia,Lulu,Toys,245.7825,327.71
29,9/30/2005,Hail,Ghalia,Carrefour,Home,627.9392,923.44
30,9/24/2005,Jeddah,Ghalia,Carrefour,Toys,2393.388,5318.64
31,8/18/2005,Jubail,Maliha,Lulu,Office,3170.595,4227.46
32,7/19/2005,Jubail,Abdul,Lulu,Office,5064.1164,7447.23
33,11/1/2004,Abha,Mjeed,Lulu,Office,3679.8239,9945.47
34,8/16/2005,Riyadh,Ghalia,Lulu,Office,1384.196,2516.72
35,11/12/2004,Abha,Maliha,Othaim,Home,6395.6775,8527.57
36,2/22/2006,Riyadh,Abdul,Carrefour,Home,793.9068,1167.51
37,10/22/2005,Jeddah,Abdul,Panda,Home,113.6773,121.58
38,9/10/2005,Dammam,Maliha,Panda,Food,5758.37515,6158.69
39,2/14/2005,Abha,Ghalia,Othaim,Toys,1401.4683,2375.37
40,2/24/2005,Abha,Ghalia,Lulu,Toys,4460.7915,8110.53
41,5/22/2006,Jubail,Ghalia,Lulu,Office,776.8485,1726.33
42,11/22/2005,Riyadh,Maliha,Carrefour,Food,5273.796,5992.95
43,2/4/2005,Jeddah,Yahia,Carrefour,Food,4457.7247,4767.62
44,4/12/2005,Jeddah,Yahia,Panda,Toys,3453.9696,5955.12
45,8/17/2004,Dammam,Abdul,Othaim,Home,6390.6656,7262.12
46,7/21/2005,Abha,Ghalia,Panda,Home,1625.0625,2166.75
47,4/14/2006,Riyadh,Abdul,Lulu,Home,6221.9201,6654.46
48,4/16/2005,Jubail,Abdul,Lulu,Home,5199.7575,6933.01
49,10/18/2005,Dammam,Yahia,Panda,Office,3776.4322,6511.09
50,6/7/2005,Dammam,Ghalia,Othaim,Toys,2763.3285,6140.73
51,4/1/2005,Dammam,Ghalia,Lulu,Food,1506.989,2739.98
52,12/20/2004,Riyadh,Maliha,Lulu,Home,3589.2229,8347.03
53,10/4/2005,Riyadh,Maliha,Carrefour,Office,3640.3153,9838.69
54,3/27/2006,Abha,Ghalia,Carrefour,Home,3377.2603,5724.17
55,1/21/2006,Hail,Ghalia,Carrefour,Home,600.0184,882.38
56,6/7/2006,Riyadh,Abdul,Carrefour,Office,391.896,870.88
57,9/6/2004,Jeddah,Ghalia,Othaim,Toys,1823.277,3090.3
58,9/29/2004,Jubail,Mjeed,Panda,Office,2626.7312,3862.84
59,5/2/2006,Hail,Abdul,Panda,Home,5363.0444,7886.83
60,10/29/2005,Dammam,Ghalia,Lulu,Home,2969.99,8027
61,7/17/2005,Jeddah,Mjeed,Othaim,Home,4164.3375,5552.45
62,12/9/2005,Hail,Mjeed,Carrefour,Food,1479.2355,3287.19
63,6/15/2006,Jeddah,Ghalia,Panda,Toys,6971.4975,9295.33
64,10/12/2005,Hail,Abdul,Lulu,Toys,5599.6192,9490.88
65,5/8/2005,Dammam,Mjeed,Panda,Toys,2864.6399,7742.27
66,7/15/2005,Jeddah,Yahia,Othaim,Food,3145.57375,3364.25
67,12/14/2005,Dammam,Maliha,Othaim,Food,3963.24,8807.2
68,8/17/2005,Hail,Abdul,Lulu,Toys,1738.624,2556.8
69,1/10/2005,Abha,Mjeed,Othaim,Home,988.2389,1056.94
70,11/6/2005,Jeddah,Maliha,Lulu,Toys,3078.666,4527.45
71,2/24/2005,Abha,Ghalia,Othaim,Office,655.1875,1191.25
72,4/18/2006,Jubail,Mjeed,Lulu,Office,2322.1385,4222.07
73,2/14/2005,Dammam,Maliha,Carrefour,Office,1698.6663,4590.99
74,5/10/2006,Jubail,Ghalia,Lulu,Home,2236.3419,3790.41
75,2/8/2005,Abha,Yahia,Panda,Toys,3726.3072,4234.44
76,6/19/2004,Jubail,Ghalia,Othaim,Toys,3623.9411,8427.77
77,1/4/2005,Dammam,Ghalia,Lulu,Home,3692.1176,8586.32
78,3/28/2005,Dammam,Maliha,Lulu,Office,2294.3591,2453.86
79,11/23/2005,Jeddah,Abdul,Lulu,Office,3666.6375,4888.85
80,1/18/2005,Hail,Ghalia,Othaim,Home,3657.2835,9884.55
81,1/14/2005,Jeddah,Abdul,Carrefour,Office,2206.5098,5963.54
82,3/15/2006,Jeddah,Abdul,Othaim,Office,5948.1664,6759.28
83,4/23/2005,Jeddah,Mjeed,Carrefour,Home,406.7085,739.47
84,10/7/2005,Dammam,Yahia,Lulu,Food,3641.6344,6278.68
85,4/9/2006,Jubail,Yahia,Lulu,Toys,3119.479,5671.78
86,7/10/2004,Riyadh,Abdul,Lulu,Toys,3181.599,7070.22
87,1/13/2005,Jubail,Ghalia,Panda,Food,1268.0025,1690.67
88,8/6/2004,Jeddah,Yahia,Carrefour,Home,1600.324,1818.55
89,3/16/2005,Dammam,Ghalia,Lulu,Toys,335.06,609.2
90,1/6/2006,Riyadh,Maliha,Lulu,Food,8498.82275,9089.65
91,5/22/2005,Dammam,Ghalia,Lulu,Home,6011.2204,8840.03
92,5/21/2005,Abha,Ghalia,Carrefour,Food,4149.3485,7544.27
93,5/10/2006,Dammam,Maliha,Carrefour,Home,2127.2576,3128.32
94,7/17/2005,Jubail,Maliha,Carrefour,Office,2341.155,3121.54
95,9/25/2004,Jubail,Ghalia,Othaim,Food,2641.896,5870.88
96,4/12/2006,Jubail,Maliha,Othaim,Home,4866.6002,8390.69
97,7/16/2005,Dammam,Mjeed,Lulu,Home,6263.6175,8351.49
98,10/31/2004,Jubail,Abdul,Panda,Home,3592.006,6530.92
99,4/28/2006,Dammam,Maliha,Lulu,Food,98.0426,264.98
100,2/11/2006,Hail,Abdul,Panda,Food,2570.7332,3780.49
101,12/26/2004,Riyadh,Maliha,Carrefour,Office,6261.7875,8349.05
102,4/6/2005,Jubail,Maliha,Carrefour,Home,2218.6425,2958.19
103,3/8/2006,Riyadh,Ghalia,Panda,Toys,1701.144,3780.32
104,1/9/2005,Dammam,Ghalia,Lulu,Food,5832.7016,6628.07
105,12/20/2004,Jubail,Ghalia,Carrefour,Home,4999.8842,8474.38
106,1/22/2005,Dammam,Mjeed,Othaim,Toys,521.2486,1408.78
107,9/30/2004,Hail,Ghalia,Panda,Toys,5505.8646,9492.87
108,7/25/2004,Riyadh,Ghalia,Panda,Office,307.4475,409.93
109,4/3/2005,Hail,Abdul,Panda,Office,219.0824,322.18
110,11/16/2005,Hail,Ghalia,Carrefour,Office,3606.3604,9746.92
111,9/29/2005,Dammam,Yahia,Panda,Food,6424.8304,9448.28
112,8/28/2005,Jeddah,Yahia,Lulu,Toys,5503.7976,8093.82
113,2/23/2006,Jubail,Mjeed,Othaim,Food,2010.0105,4466.69
114,10/11/2004,Jeddah,Ghalia,Lulu,Home,1496.8125,3326.25
115,7/21/2004,Jeddah,Ghalia,Lulu,Home,6587.7,8783.6
116,2/9/2005,Dammam,Maliha,Panda,Toys,1523.734,2582.6
117,7/22/2004,Jeddah,Abdul,Othaim,Office,1476.1113,3989.49
118,2/22/2006,Abha,Ghalia,Carrefour,Toys,283.118,302.8
119,1/2/2005,Dammam,Yahia,Othaim,Office,3591.4716,6087.24
120,4/15/2006,Dammam,Yahia,Othaim,Toys,3894.4125,8654.25
121,10/1/2004,Abha,Maliha,Carrefour,Toys,4539.491,8253.62
122,3/1/2006,Riyadh,Mjeed,Lulu,Toys,1049.8713,2837.49
123,8/16/2004,Jeddah,Abdul,Othaim,Home,2645.0589,2828.94
124,4/30/2006,Riyadh,Mjeed,Panda,Toys,3233.7251,5480.89
125,12/29/2004,Dammam,Yahia,Carrefour,Office,3325.6755,7390.39
126,9/23/2005,Jeddah,Ghalia,Lulu,Toys,2280.1692,3353.19
127,4/3/2006,Dammam,Yahia,Lulu,Food,6397.6814,6842.44
128,9/5/2004,Abha,Abdul,Othaim,Food,3313.2715,6024.13
129,4/7/2006,Abha,Mjeed,Panda,Office,1664.5014,2869.83
130,12/14/2005,Jubail,Maliha,Panda,Food,2964.7575,6588.35
131,11/24/2004,Jeddah,Ghalia,Lulu,Food,3068.3972,5290.34
132,9/2/2004,Riyadh,Abdul,Othaim,Toys,3719.6368,4226.86
133,7/11/2004,Dammam,Maliha,Othaim,Home,4710.7252,7984.28
134,6/22/2005,Jeddah,Abdul,Carrefour,Office,6892.1625,9189.55
135,1/24/2005,Riyadh,Maliha,Othaim,Home,4773.7608,8091.12
136,8/13/2004,Hail,Abdul,Othaim,Office,4570.1656,5193.37
137,8/25/2005,Dammam,Maliha,Carrefour,Toys,6362.0568,7229.61
138,7/18/2005,Abha,Maliha,Carrefour,Toys,1068.597,2888.1
139,11/28/2004,Riyadh,Mjeed,Carrefour,Office,2143.98,4764.4
140,5/30/2005,Abha,Yahia,Othaim,Home,1004.5194,1731.93
141,7/26/2004,Abha,Maliha,Lulu,Office,3913.9425,5218.59
142,11/20/2005,Abha,Yahia,Carrefour,Office,6202.6778,6633.88
143,10/16/2005,Riyadh,Maliha,Othaim,Home,3111.4743,8409.39
144,1/10/2005,Dammam,Mjeed,Panda,Office,5815.1016,6608.07
145,11/23/2004,Riyadh,Maliha,Lulu,Food,682.209,1240.38
146,3/5/2006,Jeddah,Maliha,Panda,Toys,755.2985,1373.27
147,10/15/2005,Jubail,Maliha,Panda,Office,926.091,2057.98
148,3/11/2005,Abha,Yahia,Carrefour,Toys,4467.838,6570.35
149,7/25/2004,Dammam,Maliha,Lulu,Food,4488.714,9974.92
150,3/31/2005,Jubail,Ghalia,Panda,Office,1762.2389,4098.23
151,1/22/2006,Jubail,Mjeed,Carrefour,Office,4517.7976,6643.82
152,5/25/2005,Hail,Mjeed,Othaim,Food,454.23,1009.4
153,5/6/2006,Abha,Mjeed,Lulu,Home,3558.8649,8276.43
154,12/18/2004,Abha,Mjeed,Panda,Home,114.453,254.34
155,1/27/2005,Abha,Maliha,Carrefour,Food,3576.3728,4064.06
156,1/24/2005,Jubail,Maliha,Carrefour,Food,114.0255,253.39
157,10/17/2004,Hail,Mjeed,Othaim,Office,4316.708,4616.8
158,3/10/2005,Jubail,Ghalia,Panda,Toys,6587.55,8783.4
159,1/14/2005,Hail,Mjeed,Othaim,Office,2674.672,4863.04
160,5/8/2006,Abha,Maliha,Lulu,Toys,1834.0456,4956.88
161,5/11/2006,Jeddah,Mjeed,Lulu,Home,3545.62285,3792.11
162,2/4/2006,Jeddah,Mjeed,Panda,Home,1465.0916,2526.02
163,10/20/2004,Riyadh,Maliha,Panda,Food,6214.076,7061.45
164,8/1/2004,Jeddah,Maliha,Panda,Home,2934.8968,3335.11
165,5/19/2005,Jeddah,Ghalia,Carrefour,Office,5267.87415,5634.09
166,10/20/2004,Jubail,Ghalia,Panda,Toys,3183.978,7404.6
167,2/15/2006,Abha,Mjeed,Lulu,Home,58.7597,158.81
168,11/13/2005,Dammam,Mjeed,Carrefour,Toys,833.0476,1937.32
169,3/17/2005,Hail,Abdul,Lulu,Toys,558.2475,1298.25
170,11/4/2004,Jeddah,Yahia,Lulu,Home,8100.62,9205.25
171,3/29/2006,Jubail,Abdul,Lulu,Toys,1929.294,4287.32
172,5/2/2006,Jubail,Ghalia,Lulu,Home,3127.7565,6950.57
173,6/9/2006,Hail,Yahia,Carrefour,Food,6487.5184,7372.18
174,5/7/2006,Jubail,Ghalia,Carrefour,Home,4677.2253,5002.38
175,7/24/2004,Riyadh,Yahia,Othaim,Home,3410.244,7578.32
176,1/22/2005,Jeddah,Yahia,Othaim,Food,1735.734,1856.4
177,10/2/2004,Riyadh,Abdul,Lulu,Food,6662.8287,7126.02
178,5/16/2006,Jeddah,Maliha,Othaim,Office,4533.7575,6045.01
179,12/1/2004,Abha,Ghalia,Panda,Food,7115.328,8085.6
180,5/28/2005,Jubail,Ghalia,Panda,Food,4924.26,8953.2
181,3/24/2005,Abha,Maliha,Panda,Home,3540.5865,6437.43
182,5/21/2005,Jubail,Mjeed,Panda,Food,2149.3636,4998.52
183,11/19/2005,Hail,Abdul,Othaim,Food,1193.4675,1591.29
184,8/25/2014,Riyadh,Maliha,Panda,Home,4647.2855,8449.61
185,3/23/2005,Abha,Abdul,Carrefour,Food,7978.40175,8533.05
186,8/30/2005,Abha,Yahia,Carrefour,Toys,8815.91865,9428.79
187,11/22/2005,Riyadh,Mjeed,Panda,Home,5646.1289,9569.71
188,6/14/2006,Riyadh,Yahia,Carrefour,Food,2065.113,4589.14
189,8/22/2005,Jeddah,Mjeed,Carrefour,Home,1670.3685,3711.93
190,8/3/2004,Dammam,Maliha,Lulu,Home,421.6168,479.11
191,10/15/2005,Riyadh,Yahia,Carrefour,Food,2632.6793,6122.51
192,7/27/2005,Riyadh,Yahia,Panda,Office,3641.2515,8091.67
193,5/21/2005,Jubail,Ghalia,Carrefour,Food,1242.0676,1826.57
194,1/4/2006,Jeddah,Abdul,Panda,Home,2693.556,5985.68
195,12/9/2004,Riyadh,Abdul,Carrefour,Home,627.282,1393.96
196,8/25/2014,Hail,Maliha,Lulu,Home,3188.9187,7416.09
197,10/22/2004,Abha,Maliha,Panda,Toys,1721.5523,4003.61
198,6/17/2004,Jeddah,Yahia,Carrefour,Food,4577.7274,7758.86
199,2/19/2005,Jeddah,Yahia,Panda,Food,2891.0552,3285.29
200,3/7/2005,Hail,Abdul,Panda,Office,4069.879,7399.78
201,1/11/2006,Riyadh,Yahia,Panda,Home,3163.7775,4218.37
202,10/12/2004,Dammam,Ghalia,Othaim,Toys,2274.3018,3921.21
203,1/5/2006,Abha,Yahia,Panda,Toys,3253.485,4337.98
204,1/9/2005,Jubail,Mjeed,Panda,Office,3330.0135,7400.03
205,9/7/2005,Riyadh,Mjeed,Lulu,Office,1880.0403,5081.19
206,12/22/2005,Riyadh,Mjeed,Panda,Home,4382.9456,4980.62
207,7/3/2005,Dammam,Abdul,Lulu,Toys,1034.1458,1783.01
208,7/12/2005,Riyadh,Maliha,Carrefour,Office,2880.9,3273.75
209,8/10/2005,Riyadh,Abdul,Panda,Home,526.0794,891.66
210,7/1/2004,Riyadh,Ghalia,Othaim,Food,3960.8305,7201.51
211,2/19/2005,Jubail,Ghalia,Othaim,Office,116.9192,171.94
212,4/19/2006,Hail,Ghalia,Carrefour,Home,4338.3998,7353.22
213,9/25/2005,Jubail,Abdul,Panda,Food,1503.7125,2004.95
214,5/28/2005,Riyadh,Mjeed,Lulu,Home,1681.5465,3736.77
215,8/29/2005,Hail,Mjeed,Lulu,Home,8149.07665,8715.59
216,12/16/2005,Jubail,Ghalia,Carrefour,Food,3978.1852,6858.94
217,4/3/2006,Hail,Ghalia,Carrefour,Home,8792.4672,9991.44
218,8/24/2005,Dammam,Mjeed,Carrefour,Office,923.912,1049.9
219,10/9/2005,Dammam,Yahia,Carrefour,Home,2970.6633,3177.18
220,9/10/2005,Hail,Ghalia,Othaim,Toys,3060.2715,5564.13
221,1/5/2006,Hail,Yahia,Panda,Home,122.8216,131.36
222,11/2/2004,Abha,Maliha,Lulu,Toys,8311.7408,9445.16
223,8/10/2004,Jubail,Yahia,Carrefour,Home,5686.0358,9803.51
224,10/20/2005,Hail,Mjeed,Lulu,Home,612.126,1360.28
225,4/11/2005,Jubail,Yahia,Lulu,Office,3296.172,3745.65
226,7/27/2005,Jeddah,Ghalia,Panda,Home,2807.343,5104.26
227,10/18/2004,Dammam,Yahia,Carrefour,Home,427.9036,629.27
228,6/11/2006,Jubail,Ghalia,Carrefour,Toys,3427.841,5809.9
229,5/3/2006,Jubail,Yahia,Othaim,Toys,1978.15145,2115.67
230,8/13/2004,Abha,Abdul,Lulu,Office,852.832,1470.4
231,10/28/2004,Dammam,Mjeed,Carrefour,Toys,5717.7188,8408.41
232,5/30/2006,Hail,Abdul,Othaim,Office,1117.5013,1894.07
233,2/23/2005,Riyadh,Ghalia,Carrefour,Toys,3422.9536,3889.72
234,9/23/2004,Abha,Maliha,Panda,Office,4597.5075,6130.01
235,3/23/2005,Hail,Ghalia,Panda,Food,944.4102,2552.46
236,10/28/2004,Riyadh,Mjeed,Othaim,Toys,499.1355,1109.19
237,8/6/2004,Dammam,Mjeed,Othaim,Food,1254.2889,3389.97
238,12/9/2005,Riyadh,Mjeed,Panda,Office,6619.086,9733.95
239,9/28/2004,Jubail,Maliha,Othaim,Toys,1582.7476,2327.57
240,6/10/2005,Jubail,Maliha,Panda,Toys,5331.82815,5702.49
241,8/18/2004,Riyadh,Yahia,Othaim,Office,2991.765,3989.02
242,11/21/2005,Dammam,Yahia,Othaim,Office,3180.816,8596.8
243,12/6/2004,Abha,Maliha,Panda,Office,31.7492,46.69
244,10/3/2004,Hail,Ghalia,Othaim,Toys,2774.7771,6452.97
245,8/11/2005,Riyadh,Maliha,Panda,Office,2583.5568,2935.86
246,10/6/2004,Hail,Maliha,Carrefour,Food,1547.1495,3438.11
247,2/10/2005,Dammam,Abdul,Othaim,Food,3806.2052,8851.64
248,2/27/2005,Abha,Mjeed,Carrefour,Office,2790.2655,6200.59
249,10/29/2004,Hail,Yahia,Carrefour,Toys,89.3673,151.47
250,3/5/2005,Dammam,Ghalia,Lulu,Home,3412.3836,5883.42
251,4/20/2005,Hail,Ghalia,Carrefour,Toys,3970.2932,9233.24
252,6/24/2005,Jubail,Abdul,Othaim,Toys,1402.9664,1594.28
253,12/31/2005,Jubail,Maliha,Lulu,Food,4764.705,8663.1
254,2/10/2005,Abha,Ghalia,Lulu,Toys,2590.3504,2943.58
255,8/20/2004,Jeddah,Yahia,Carrefour,Office,2734.8742,4635.38
256,3/26/2006,Riyadh,Maliha,Panda,Home,1619.5635,3599.03
257,9/23/2004,Abha,Ghalia,Carrefour,Office,4089.386,9510.2
258,7/11/2005,Jeddah,Ghalia,Lulu,Toys,5096.538,8638.2
259,10/5/2005,Jubail,Ghalia,Panda,Toys,1365.32,1551.5
260,4/16/2006,Jubail,Mjeed,Carrefour,Home,2986.6552,4392.14
261,12/17/2005,Hail,Maliha,Othaim,Food,1528.835,2779.7
262,8/21/2004,Hail,Ghalia,Carrefour,Home,1381.9096,2032.22
263,10/11/2004,Jeddah,Mjeed,Panda,Food,1094.3504,1243.58
264,9/19/2004,Dammam,Ghalia,Othaim,Toys,5342.11315,5713.49
265,9/13/2005,Riyadh,Maliha,Othaim,Toys,2402.1142,4071.38
266,3/21/2005,Riyadh,Maliha,Othaim,Office,3280.3056,5559.84
267,5/30/2005,Abha,Mjeed,Panda,Food,222.678,494.84
268,12/18/2005,Riyadh,Yahia,Othaim,Food,3553.8093,9604.89
269,12/27/2005,Riyadh,Yahia,Othaim,Office,6101.096,8972.2
270,4/3/2005,Hail,Mjeed,Carrefour,Home,732.1893,1978.89
271,2/8/2005,Riyadh,Yahia,Panda,Toys,2180.0416,2477.32
272,7/11/2005,Dammam,Ghalia,Othaim,Office,4211.1828,7260.66
273,11/17/2005,Riyadh,Ghalia,Othaim,Office,4276.9176,9946.32
274,12/3/2005,Jeddah,Maliha,Othaim,Office,1011.2484,1487.13
275,3/24/2006,Jeddah,Yahia,Lulu,Food,141.084,313.52
276,10/24/2005,Hail,Yahia,Panda,Office,1798.3416,2043.57
277,10/2/2004,Abha,Abdul,Othaim,Office,2578.5144,2930.13
278,4/20/2005,Riyadh,Ghalia,Othaim,Toys,4501.755,6002.34
279,1/7/2005,Jubail,Ghalia,Carrefour,Toys,2486.4555,6720.15
280,8/8/2004,Hail,Yahia,Panda,Office,7632.0684,8162.64
281,10/15/2005,Hail,Yahia,Carrefour,Home,815.2089,1381.71
282,8/10/2004,Jubail,Abdul,Othaim,Food,234.0888,266.01
283,4/15/2005,Riyadh,Mjeed,Lulu,Food,4387.3698,7436.22
284,6/23/2004,Jubail,Abdul,Panda,Home,776.831,1412.42
285,12/31/2005,Riyadh,Maliha,Lulu,Home,2963.6762,5023.18
286,7/28/2004,Hail,Yahia,Panda,Toys,4400.1056,5000.12
287,12/26/2005,Jeddah,Mjeed,Carrefour,Home,1063.7899,2473.93
288,2/27/2005,Abha,Yahia,Carrefour,Food,5257.4896,5974.42
289,12/14/2005,Jeddah,Abdul,Carrefour,Home,1066.285,1938.7
290,1/5/2005,Abha,Maliha,Lulu,Home,568.0128,1320.96
291,3/23/2006,Dammam,Abdul,Othaim,Food,1496.693,2721.26
292,4/15/2006,Hail,Ghalia,Lulu,Toys,1182.0464,3194.72
293,5/12/2005,Jeddah,Ghalia,Lulu,Home,366.0338,391.48
294,2/1/2005,Abha,Ghalia,Lulu,Toys,9318.958,9966.8
295,1/2/2005,Dammam,Yahia,Othaim,Office,2423.7455,4406.81
296,1/28/2005,Riyadh,Yahia,Carrefour,Office,1917.8987,5183.51
297,3/1/2005,Hail,Maliha,Othaim,Office,5672.61,7563.48
298,12/3/2004,Hail,Abdul,Lulu,Toys,1514.9516,2227.87
299,9/5/2005,Dammam,Abdul,Lulu,Office,6648.6825,8864.91
300,8/26/2005,Riyadh,Mjeed,Carrefour,Food,1041.6943,2815.39
301,5/17/2005,Jeddah,Maliha,Lulu,Home,1123.72975,1201.85
302,1/25/2005,Abha,Abdul,Panda,Home,3998.835,8886.3
303,11/13/2004,Hail,Ghalia,Panda,Toys,3755.3824,4267.48
304,2/20/2006,Dammam,Ghalia,Carrefour,Office,1201.3275,1601.77
305,6/17/2004,Abha,Abdul,Lulu,Home,6305.0008,9272.06
306,2/5/2006,Hail,Yahia,Lulu,Office,486.1709,1130.63
307,6/19/2005,Dammam,Abdul,Panda,Home,1521.4518,3538.26
308,12/8/2004,Dammam,Abdul,Lulu,Home,5488.9765,9303.35
309,4/14/2005,Jubail,Mjeed,Carrefour,Office,2823.147,6273.66
310,3/7/2006,Hail,Maliha,Lulu,Toys,2672.1805,4858.51
311,9/8/2004,Riyadh,Yahia,Lulu,Home,1160.2432,2698.24
312,6/17/2004,Jubail,Mjeed,Panda,Food,8271.4896,9399.42
313,11/26/2004,Hail,Abdul,Panda,Home,3238.56885,3463.71
314,12/1/2005,Abha,Maliha,Carrefour,Food,1459.52565,1560.99
315,2/15/2005,Dammam,Yahia,Carrefour,Toys,5537.9406,9386.34
316,5/1/2006,Abha,Yahia,Panda,Food,3084.0746,5317.37
317,4/13/2006,Dammam,Yahia,Panda,Home,457.7566,1237.18
318,7/3/2004,Jeddah,Maliha,Carrefour,Toys,3140.9235,5710.77
319,10/4/2005,Abha,Yahia,Carrefour,Home,5254.0208,8905.12
320,6/6/2006,Dammam,Maliha,Panda,Food,5231.1225,6974.83
321,2/1/2006,Riyadh,Abdul,Panda,Office,3031.5375,6736.75
322,11/14/2005,Jubail,Ghalia,Carrefour,Home,4295.31,5727.08
323,7/31/2004,Jubail,Ghalia,Othaim,Toys,5937.0596,8730.97
324,8/20/2005,Jeddah,Mjeed,Lulu,Food,871.995,1162.66
325,3/7/2005,Riyadh,Mjeed,Othaim,Food,2921.1075,3894.81
326,9/8/2005,Jubail,Mjeed,Lulu,Food,890.874,2071.8
327,7/19/2005,Dammam,Ghalia,Carrefour,Food,5046,8700
328,9/26/2005,Dammam,Mjeed,Othaim,Toys,403.8388,939.16
329,1/16/2006,Dammam,Yahia,Lulu,Toys,3206.4778,5528.41
330,2/26/2006,Jeddah,Abdul,Panda,Toys,2746.3432,4038.74
331,10/12/2004,Hail,Ghalia,Lulu,Toys,3837.6514,4104.44
332,5/3/2006,Jubail,Yahia,Othaim,Office,4468.6187,7573.93
333,8/13/2004,Jeddah,Mjeed,Othaim,Toys,8446.46,9598.25
334,6/22/2005,Riyadh,Ghalia,Panda,Office,1658.9013,3857.91
335,9/2/2005,Riyadh,Ghalia,Panda,Toys,4413.156,8023.92
336,12/30/2004,Jeddah,Yahia,Othaim,Food,4139.7565,7526.83
337,5/14/2006,Jubail,Mjeed,Lulu,Food,3559.26,4745.68
338,6/26/2005,Jeddah,Ghalia,Carrefour,Food,1522.3185,3382.93
339,3/4/2006,Jeddah,Abdul,Panda,Office,5659.935,7546.58
340,10/19/2005,Jubail,Yahia,Othaim,Office,1097.833,2553.1
341,6/19/2004,Jeddah,Yahia,Panda,Food,581.0124,854.43
342,1/28/2006,Hail,Mjeed,Carrefour,Toys,3277.44615,3505.29
343,11/16/2004,Dammam,Maliha,Panda,Home,3608.3835,8018.63
344,5/28/2006,Dammam,Mjeed,Lulu,Home,1075.8901,2502.07
345,9/21/2004,Jeddah,Mjeed,Carrefour,Office,1101.1422,2976.06
346,12/7/2004,Jeddah,Abdul,Carrefour,Food,3845.5505,6991.91
347,11/30/2004,Dammam,Maliha,Panda,Office,6286.9752,7144.29
348,8/5/2005,Hail,Ghalia,Othaim,Toys,3234.7872,4757.04
349,5/4/2006,Jubail,Abdul,Othaim,Toys,5376.2629,9112.31
350,3/26/2006,Abha,Mjeed,Othaim,Toys,1404.5454,2421.63
351,10/2/2005,Dammam,Ghalia,Lulu,Toys,167.9623,390.61
352,10/9/2005,Jeddah,Yahia,Othaim,Food,2718.9459,6323.13
353,4/9/2005,Jubail,Maliha,Lulu,Home,4048.584,5953.8
354,1/20/2006,Abha,Mjeed,Othaim,Office,669.45,892.6
355,5/9/2005,Riyadh,Maliha,Panda,Office,810.8252,1192.39
356,9/15/2004,Hail,Abdul,Othaim,Office,2600.4858,7028.34
357,5/31/2006,Abha,Ghalia,Lulu,Toys,4494.447,9987.66
358,1/12/2005,Hail,Abdul,Othaim,Food,975.3496,2636.08
359,10/12/2005,Dammam,Abdul,Othaim,Home,303.9739,515.21
360,1/24/2006,Jubail,Maliha,Panda,Home,4083.1811,9495.77
361,8/8/2005,Abha,Mjeed,Lulu,Office,5623.762,9531.8
362,9/30/2005,Hail,Ghalia,Panda,Home,472.3785,1049.73
363,3/4/2005,Jubail,Yahia,Carrefour,Food,5245.7053,5610.38
364,8/3/2004,Abha,Maliha,Othaim,Office,1281.1805,3462.65
365,3/12/2005,Abha,Mjeed,Panda,Office,1499.6312,2205.34
366,4/10/2006,Riyadh,Maliha,Lulu,Food,8220.2648,9341.21
367,8/1/2004,Jeddah,Yahia,Othaim,Toys,5948.055,7930.74
368,4/20/2005,Hail,Abdul,Carrefour,Office,640.6633,1085.87
369,3/15/2005,Dammam,Mjeed,Othaim,Office,5708.7088,8395.16
370,3/27/2005,Jubail,Maliha,Lulu,Home,4901.7082,8307.98
371,7/28/2005,Dammam,Abdul,Carrefour,Food,7014.885,9353.18
372,7/1/2004,Hail,Abdul,Othaim,Home,2656.3393,4502.27
373,7/15/2005,Hail,Abdul,Lulu,Home,989.7545,1677.55
374,10/20/2005,Jubail,Maliha,Panda,Toys,1644.7018,4445.14
375,8/30/2004,Jubail,Yahia,Panda,Office,141.856,257.92
376,11/11/2004,Hail,Mjeed,Carrefour,Toys,3891.0924,6708.78
377,5/4/2005,Riyadh,Yahia,Panda,Office,3987.054,8860.12
378,1/24/2005,Hail,Mjeed,Lulu,Food,2303.4252,3387.39
379,4/25/2006,Jubail,Ghalia,Lulu,Office,8333.4119,8912.74
380,11/23/2005,Dammam,Yahia,Othaim,Food,1103.6693,2982.89
381,2/8/2005,Dammam,Mjeed,Panda,Toys,6764.52865,7234.79
382,3/11/2005,Jeddah,Yahia,Panda,Toys,6724.1504,7641.08
383,12/5/2004,Abha,Abdul,Panda,Home,2498.985,3331.98
384,11/8/2005,Jeddah,Maliha,Othaim,Toys,7205.11,7706
385,10/26/2004,Riyadh,Maliha,Othaim,Home,5841.5896,6638.17
386,4/12/2005,Dammam,Maliha,Othaim,Home,4392.872,7987.04
387,6/27/2004,Hail,Mjeed,Lulu,Food,1990.1634,5378.82
388,6/27/2005,Hail,Maliha,Carrefour,Food,3976.5968,4518.86
389,5/17/2006,Jeddah,Mjeed,Lulu,Home,436.8627,1180.71
390,11/9/2005,Riyadh,Ghalia,Panda,Home,126.852,144.15
391,6/24/2005,Jeddah,Mjeed,Carrefour,Home,3189.35045,3411.07
392,6/12/2006,Dammam,Mjeed,Lulu,Food,3786.494,8805.8
393,9/21/2004,Abha,Yahia,Lulu,Office,2008.801,3463.45
394,6/16/2005,Dammam,Abdul,Lulu,Home,4235.8008,4813.41
395,12/7/2005,Abha,Mjeed,Lulu,Food,4257.4392,6260.94
396,9/20/2005,Riyadh,Abdul,Othaim,Toys,2832.6726,4801.14
397,7/9/2004,Hail,Mjeed,Lulu,Office,3273.2656,3719.62
398,8/1/2004,Dammam,Maliha,Panda,Home,3565.9298,8292.86
399,8/11/2004,Hail,Ghalia,Lulu,Home,326.7766,883.18
400,11/23/2005,Jeddah,Ghalia,Lulu,Home,3256.9668,5615.46
401,10/23/2004,Abha,Yahia,Carrefour,Food,1719.2168,2528.26
402,1/15/2006,Abha,Abdul,Carrefour,Office,5056.9152,7436.64
403,8/23/2005,Dammam,Abdul,Carrefour,Home,1107.195,1476.26
404,7/10/2005,Riyadh,Mjeed,Lulu,Office,8429.3264,9578.78
405,10/14/2004,Hail,Maliha,Lulu,Toys,185.8712,273.34
406,10/31/2005,Abha,Mjeed,Othaim,Food,3160.458,7023.24
407,5/7/2005,Riyadh,Abdul,Carrefour,Home,3897.718,7086.76
408,6/3/2005,Jeddah,Mjeed,Othaim,Food,4050.4581,9419.67
409,7/3/2005,Riyadh,Maliha,Panda,Food,1598.1743,4319.39
410,3/2/2006,Hail,Mjeed,Carrefour,Office,1850.7735,4112.83
411,3/21/2006,Dammam,Ghalia,Othaim,Toys,2464.9075,4481.65
412,12/31/2004,Jubail,Ghalia,Carrefour,Toys,8667.1728,9849.06
413,3/23/2005,Hail,Maliha,Lulu,Home,522.44995,558.77
414,9/12/2004,Dammam,Yahia,Carrefour,Office,1467.43575,1569.45
415,4/25/2006,Jubail,Yahia,Lulu,Home,3342.258,7427.24
416,12/29/2005,Hail,Abdul,Lulu,Home,13.896,30.88
417,10/17/2005,Jubail,Abdul,Lulu,Office,1850.8362,5002.26
418,10/10/2004,Riyadh,Ghalia,Lulu,Food,6417.6632,9437.74
419,4/27/2005,Jeddah,Yahia,Panda,Home,1942.1775,2589.57
420,9/26/2004,Hail,Mjeed,Panda,Toys,1593.881,3706.7
421,7/8/2005,Abha,Ghalia,Carrefour,Food,5691.5342,9812.99
422,11/2/2004,Riyadh,Mjeed,Othaim,Toys,3549.615,4732.82
423,3/15/2005,Hail,Ghalia,Carrefour,Home,1377.0771,3721.83
424,1/2/2005,Abha,Abdul,Othaim,Office,1360.41,1813.88
425,8/20/2005,Riyadh,Maliha,Panda,Food,406.5005,1098.65
426,2/11/2005,Abha,Ghalia,Carrefour,Food,4673.3074,7920.86
427,2/19/2006,Riyadh,Ghalia,Othaim,Office,7657.5664,8701.78
428,3/8/2006,Riyadh,Ghalia,Othaim,Food,4014.9745,9337.15
429,1/27/2005,Jeddah,Mjeed,Panda,Home,1915.5492,5177.16
430,8/25/2005,Jubail,Ghalia,Lulu,Home,2596.2075,5769.35
431,3/15/2005,Hail,Yahia,Othaim,Food,3489.7179,9431.67
432,10/19/2004,Hail,Ghalia,Othaim,Toys,3251.105,5911.1
433,8/17/2004,Dammam,Abdul,Othaim,Office,301.335,401.78
434,2/2/2006,Hail,Ghalia,Othaim,Office,7.4104,12.56
435,12/28/2005,Hail,Maliha,Carrefour,Food,6404.2725,8539.03
436,9/8/2004,Hail,Maliha,Othaim,Home,1907.5574,4436.18
437,1/29/2006,Jeddah,Maliha,Othaim,Office,2809.7498,3005.08
438,2/25/2006,Jeddah,Abdul,Othaim,Office,1315.10555,1406.53
439,8/23/2005,Jubail,Ghalia,Carrefour,Food,4906.627,8921.14
440,9/30/2004,Hail,Abdul,Othaim,Home,2121.6735,4714.83
441,1/21/2005,Abha,Maliha,Lulu,Home,3070.155,4093.54
442,6/8/2006,Riyadh,Mjeed,Lulu,Toys,1563.0156,3634.92
443,4/11/2005,Jeddah,Mjeed,Othaim,Home,139.9451,378.23
444,1/12/2005,Dammam,Ghalia,Panda,Toys,3836.5085,6975.47
445,8/1/2005,Hail,Maliha,Lulu,Food,1375.0212,2022.09
446,11/30/2004,Jeddah,Abdul,Panda,Office,4760.7908,8208.26
447,3/3/2006,Riyadh,Yahia,Panda,Office,426.4783,991.81
448,4/16/2006,Riyadh,Abdul,Othaim,Toys,2350.4616,4052.52
449,12/6/2004,Abha,Yahia,Carrefour,Home,2226.9456,2530.62
450,3/12/2006,Hail,Yahia,Carrefour,Toys,3445.1292,9311.16
451,11/5/2005,Jubail,Yahia,Panda,Office,7261.4696,8251.67
452,10/20/2005,Jeddah,Ghalia,Panda,Office,5027.1036,8667.42
453,1/3/2005,Hail,Abdul,Panda,Home,1690.7605,3074.11
454,7/27/2005,Jeddah,Mjeed,Othaim,Toys,5568.6855,9438.45
455,9/30/2004,Dammam,Maliha,Carrefour,Home,2896.0212,4993.14
456,6/10/2006,Riyadh,Yahia,Othaim,Home,2681.739,5959.42
457,4/30/2005,Hail,Yahia,Lulu,Office,2401.7329,6491.17
458,3/31/2006,Riyadh,Yahia,Panda,Home,4453.995,5938.66
459,9/11/2005,Hail,Yahia,Panda,Office,2990.2623,8081.79
460,7/26/2005,Hail,Abdul,Carrefour,Office,3562.196,6476.72
461,3/16/2006,Riyadh,Abdul,Lulu,Office,9007.05135,9633.21
462,5/16/2005,Hail,Ghalia,Panda,Home,2887.7214,4978.83
463,10/24/2004,Abha,Yahia,Panda,Office,1515.5574,2613.03
464,9/20/2005,Abha,Abdul,Panda,Toys,4646.177,8010.65
465,9/6/2004,Dammam,Mjeed,Panda,Office,4774.7205,8681.31
466,2/7/2006,Jeddah,Abdul,Othaim,Office,4002.675,5336.9
467,5/18/2006,Dammam,Mjeed,Othaim,Office,5309.238,9653.16
468,8/6/2005,Riyadh,Ghalia,Panda,Food,769.6148,2080.04
469,1/9/2006,Jeddah,Maliha,Panda,Toys,2070.557,5596.1
470,12/9/2004,Jubail,Mjeed,Panda,Home,2607.7049,6064.43
471,12/18/2004,Dammam,Mjeed,Othaim,Office,1826.6172,3149.34
472,2/6/2006,Hail,Abdul,Lulu,Food,1549.9744,4189.12
473,4/17/2005,Dammam,Maliha,Lulu,Toys,4714.631,7990.9
474,6/7/2006,Jubail,Maliha,Lulu,Home,1155.048,1698.6
475,2/9/2005,Dammam,Ghalia,Othaim,Home,7362.1875,9816.25
476,1/8/2005,Dammam,Maliha,Othaim,Toys,1513.2656,1719.62
477,9/28/2004,Riyadh,Mjeed,Lulu,Toys,3581.3565,7958.57
478,12/25/2005,Hail,Maliha,Carrefour,Food,5914.3986,6325.56
479,1/31/2006,Abha,Yahia,Lulu,Office,568.5276,836.07
480,6/4/2005,Jeddah,Ghalia,Carrefour,Office,3178.329,5778.78
481,2/21/2006,Dammam,Abdul,Panda,Office,1860.2527,5027.71
482,2/4/2006,Jeddah,Yahia,Othaim,Home,217.49035,232.61
483,2/10/2006,Hail,Ghalia,Othaim,Toys,178.7475,238.33
484,7/20/2005,Abha,Maliha,Carrefour,Office,983.025,1310.7
485,1/6/2006,Jubail,Yahia,Panda,Office,8136.26715,8701.89
486,5/28/2005,Abha,Maliha,Panda,Home,3591.7915,6530.53
487,2/8/2005,Riyadh,Maliha,Panda,Toys,1936.7625,2582.35
488,5/2/2006,Abha,Ghalia,Othaim,Food,2420.244,5378.32
489,1/3/2006,Dammam,Maliha,Othaim,Food,4448.6904,5055.33
490,3/18/2005,Jeddah,Mjeed,Othaim,Food,6938.7659,7421.14
491,7/15/2004,Riyadh,Yahia,Carrefour,Food,5481.2945,9965.99
492,3/1/2005,Hail,Yahia,Carrefour,Office,2122.8412,4936.84
493,8/1/2004,Riyadh,Maliha,Panda,Office,534.5754,906.06
494,1/5/2006,Hail,Maliha,Lulu,Food,849.0645,1886.81
495,5/25/2005,Abha,Ghalia,Othaim,Home,4315.6025,7846.55
496,5/19/2005,Dammam,Yahia,Carrefour,Home,589.887,1310.86
497,6/16/2006,Dammam,Yahia,Lulu,Toys,1835.8972,3165.34
498,8/10/2005,Hail,Maliha,Panda,Toys,346.7184,509.88
499,5/9/2005,Dammam,Maliha,Carrefour,Home,1858.3439,4321.73
500,10/15/2004,Hail,Ghalia,Panda,Food,353.8348,599.72
501,1/1/2006,Jubail,Maliha,Carrefour,Toys,429.2175,572.29
502,1/19/2005,Jeddah,Mjeed,Carrefour,Office,4427.9618,7505.02
503,7/19/2004,Riyadh,Abdul,Panda,Toys,1333.305,2962.9
504,6/23/2004,Riyadh,Yahia,Panda,Food,1707.8127,4615.71
505,6/16/2005,Riyadh,Abdul,Carrefour,Office,3398.3272,4997.54
506,11/21/2005,Riyadh,Abdul,Carrefour,Food,1768.9536,3049.92
507,7/24/2004,Dammam,Abdul,Lulu,Office,4232.2455,9404.99
508,7/13/2005,Dammam,Yahia,Carrefour,Home,5510.954,9340.6
509,2/28/2006,Abha,Yahia,Lulu,Toys,213.4219,496.33
510,7/15/2004,Jeddah,Ghalia,Othaim,Toys,1049.9699,1779.61
511,6/19/2005,Dammam,Ghalia,Othaim,Office,4611.6785,8384.87
512,9/18/2005,Jeddah,Mjeed,Panda,Home,3338.9505,7419.89
513,1/2/2005,Jeddah,Mjeed,Carrefour,Toys,1373.6816,2020.12
514,11/9/2005,Jeddah,Yahia,Lulu,Home,203.685,271.58
515,9/15/2005,Abha,Abdul,Carrefour,Office,5016.6864,5700.78
516,7/30/2005,Hail,Ghalia,Othaim,Office,5463.8779,9260.81
517,7/26/2005,Hail,Ghalia,Carrefour,Toys,4286.4765,9968.55
518,1/1/2006,Hail,Ghalia,Panda,Food,4341.1787,7357.93
519,7/18/2004,Jubail,Mjeed,Carrefour,Home,3413.985,4551.98
520,11/16/2005,Jeddah,Ghalia,Lulu,Office,5142.92075,5500.45
521,4/27/2005,Abha,Ghalia,Othaim,Home,73.7715,134.13
522,4/4/2005,Jeddah,Ghalia,Carrefour,Toys,5896.5016,6700.57
523,12/7/2004,Riyadh,Mjeed,Lulu,Food,2540.1992,2886.59
524,3/19/2005,Jubail,Ghalia,Carrefour,Toys,1911.2775,2548.37
525,5/26/2006,Abha,Ghalia,Panda,Toys,5846.415,7795.22
526,9/11/2005,Hail,Abdul,Panda,Toys,45.6247,77.33
527,9/15/2005,Dammam,Ghalia,Othaim,Office,4150.4494,7034.66
528,5/3/2006,Jeddah,Mjeed,Othaim,Toys,2075.59,3773.8
529,3/11/2006,Abha,Mjeed,Othaim,Toys,3255.3096,4787.22
530,10/17/2004,Dammam,Ghalia,Panda,Toys,3852.9106,4120.76
531,10/3/2005,Jubail,Abdul,Othaim,Home,4853.2824,7137.18
532,3/22/2006,Riyadh,Mjeed,Carrefour,Toys,1828.1824,2077.48
533,10/29/2005,Riyadh,Abdul,Othaim,Home,2657.6101,7182.73
534,12/28/2005,Abha,Ghalia,Lulu,Toys,5129.13,6838.84
535,10/24/2005,Abha,Yahia,Panda,Food,3074.7962,8310.26
536,7/2/2005,Riyadh,Yahia,Othaim,Office,2727.48,3636.64
537,5/22/2005,Dammam,Yahia,Lulu,Home,1444.0582,3902.86
538,9/23/2005,Hail,Ghalia,Carrefour,Home,4440.5185,8073.67
539,7/15/2005,Abha,Maliha,Othaim,Toys,1908.5475,2544.73
540,12/26/2005,Jeddah,Ghalia,Panda,Office,8598.60595,9196.37
541,1/27/2005,Abha,Abdul,Lulu,Food,2050.246,3727.72
542,9/19/2004,Abha,Maliha,Carrefour,Toys,2145.6072,2438.19
543,12/29/2004,Abha,Abdul,Panda,Toys,4204.497,9777.9
544,1/10/2005,Abha,Abdul,Panda,Office,4120.4361,6983.79
545,2/1/2006,Jubail,Mjeed,Panda,Home,141.7664,208.48
546,9/4/2004,Abha,Ghalia,Othaim,Office,5842.0824,6638.73
547,5/1/2006,Jeddah,Maliha,Lulu,Office,3297.0465,7326.77
548,1/24/2006,Riyadh,Abdul,Lulu,Office,8339.5488,9476.76
549,11/10/2004,Hail,Maliha,Panda,Home,5467.0049,9266.11
550,2/3/2005,Abha,Yahia,Othaim,Food,862.8595,2006.65
551,6/14/2006,Jeddah,Ghalia,Panda,Office,1233.068,2867.6
552,3/18/2005,Hail,Mjeed,Othaim,Office,1759.8954,4092.78
553,8/7/2004,Jeddah,Abdul,Carrefour,Toys,799.4546,1378.37
554,2/9/2005,Abha,Mjeed,Lulu,Office,1835.6528,4268.96
555,3/31/2005,Hail,Mjeed,Othaim,Food,2899.864,3295.3
556,6/15/2005,Jeddah,Abdul,Carrefour,Office,3301.635,4402.18
557,9/6/2004,Riyadh,Mjeed,Panda,Home,826.56805,884.03
558,4/16/2006,Riyadh,Maliha,Lulu,Office,3494.592,7765.76
559,10/28/2005,Hail,Maliha,Carrefour,Toys,2044.34945,2186.47
560,2/23/2005,Abha,Yahia,Othaim,Home,924.2748,2498.04
561,3/29/2005,Abha,Yahia,Othaim,Food,5290.05,7053.4
562,12/6/2005,Riyadh,Maliha,Lulu,Office,1518.2025,2024.27
563,8/7/2005,Jubail,Maliha,Lulu,Office,4037.3689,9389.23
564,3/20/2006,Hail,Maliha,Carrefour,Home,699.2445,1889.85
565,9/30/2005,Riyadh,Ghalia,Panda,Food,610.8984,898.38
566,6/9/2006,Jeddah,Mjeed,Othaim,Food,1381.676,2382.2
567,6/19/2005,Jeddah,Abdul,Panda,Food,1255.9913,2920.91
568,1/24/2006,Hail,Mjeed,Panda,Home,7774.04815,8314.49
569,8/16/2004,Jeddah,Yahia,Panda,Food,4345.56,5794.08
570,10/9/2004,Jeddah,Mjeed,Lulu,Food,1742.925,2323.9
571,8/15/2005,Riyadh,Abdul,Othaim,Office,3745.9923,8711.61
572,5/3/2005,Jubail,Mjeed,Panda,Office,1675.509,3046.38
573,4/25/2005,Abha,Maliha,Panda,Food,3292.3628,4841.71
574,6/5/2005,Hail,Maliha,Lulu,Office,246.1836,572.52
575,6/19/2004,Abha,Yahia,Panda,Office,1517.284,2231.3
576,5/2/2005,Dammam,Maliha,Othaim,Home,4067.1862,7012.39
577,8/18/2004,Riyadh,Mjeed,Panda,Toys,4844.0752,7123.64
578,12/3/2005,Hail,Mjeed,Carrefour,Office,2314.6083,5382.81
579,2/27/2005,Riyadh,Ghalia,Panda,Office,5707.8208,6486.16
580,9/1/2005,Jeddah,Ghalia,Lulu,Home,7327.08,9769.44
581,8/3/2005,Abha,Abdul,Othaim,Food,2838.2706,4893.57
582,6/10/2006,Abha,Maliha,Lulu,Food,3411.56255,3648.73
583,2/25/2006,Dammam,Abdul,Lulu,Home,4071.8319,6901.41
584,5/2/2006,Riyadh,Abdul,Othaim,Office,1775.075,4797.5
585,7/27/2004,Hail,Ghalia,Carrefour,Food,7078.8476,7570.96
586,12/4/2005,Jeddah,Maliha,Carrefour,Food,5219.731,5582.6
587,1/23/2005,Riyadh,Mjeed,Lulu,Office,1700.5384,1932.43
588,11/3/2004,Jeddah,Ghalia,Carrefour,Toys,1971.5475,2628.73
589,12/31/2005,Dammam,Mjeed,Carrefour,Office,6969.4713,7453.98
590,6/9/2006,Abha,Mjeed,Lulu,Office,2478.708,4201.2
591,7/2/2004,Riyadh,Yahia,Othaim,Toys,899.5974,1551.03
592,5/19/2005,Abha,Ghalia,Othaim,Home,4965.8156,7302.67
593,8/25/2004,Dammam,Maliha,Panda,Food,2637.41995,2820.77
594,11/4/2005,Jeddah,Mjeed,Lulu,Toys,2878.6815,6397.07
595,3/1/2005,Hail,Maliha,Othaim,Office,1363.1416,2004.62
596,1/22/2005,Jubail,Yahia,Lulu,Toys,2673.2412,6216.84
597,10/2/2005,Hail,Abdul,Panda,Office,4428.512,8051.84
598,6/10/2006,Hail,Abdul,Lulu,Home,2336.3964,5433.48
599,9/4/2005,Dammam,Mjeed,Othaim,Office,2886.3236,4976.42
600,11/20/2005,Hail,Ghalia,Carrefour,Home,1531.2128,3560.96
601,7/2/2004,Riyadh,Yahia,Carrefour,Toys,4467.4575,8122.65
602,8/18/2004,Abha,Mjeed,Lulu,Home,2575.3365,4682.43
603,4/23/2005,Hail,Yahia,Lulu,Toys,207.468,305.1
604,7/14/2005,Jubail,Yahia,Panda,Home,4235.5335,7700.97
605,3/1/2005,Riyadh,Abdul,Carrefour,Home,2741.958,6093.24
606,12/29/2005,Riyadh,Yahia,Carrefour,Home,3964.5146,6835.37
607,4/29/2005,Riyadh,Ghalia,Lulu,Office,2259.7885,3830.15
608,1/26/2006,Jeddah,Ghalia,Othaim,Food,6225.6312,9155.34
609,10/5/2004,Jubail,Yahia,Othaim,Home,851.5275,1135.37
610,4/7/2006,Riyadh,Yahia,Lulu,Toys,3150.2799,8514.27
611,7/18/2005,Dammam,Ghalia,Carrefour,Office,3885.475,7064.5
612,5/7/2006,Dammam,Ghalia,Othaim,Toys,5026.5109,8519.51
613,4/19/2006,Dammam,Ghalia,Carrefour,Food,2382.945,3177.26
614,9/29/2005,Jeddah,Ghalia,Othaim,Toys,3030.5174,5225.03
615,1/23/2005,Riyadh,Ghalia,Carrefour,Toys,3497.4842,9452.66
616,7/10/2005,Riyadh,Yahia,Othaim,Toys,5686.0648,8361.86
617,1/9/2005,Riyadh,Mjeed,Panda,Home,1205.0756,1772.17
618,7/16/2004,Abha,Abdul,Panda,Toys,858.4638,1480.11
619,5/29/2005,Abha,Ghalia,Carrefour,Home,3938.09845,4211.87
620,12/21/2005,Jeddah,Mjeed,Carrefour,Food,189.2735,511.55
621,11/29/2004,Riyadh,Abdul,Panda,Toys,2682.0261,6237.27
622,8/22/2005,Jeddah,Mjeed,Panda,Toys,4442.3175,5923.09
623,12/6/2004,Dammam,Maliha,Othaim,Toys,54.2875,126.25
624,5/6/2006,Jubail,Maliha,Panda,Office,1558.413,3463.14
625,12/11/2005,Abha,Maliha,Carrefour,Office,3140.5782,5414.79
626,8/10/2004,Hail,Mjeed,Othaim,Food,5710.9874,9846.53
627,12/26/2004,Riyadh,Mjeed,Othaim,Home,5923.0567,6334.82
628,2/26/2006,Abha,Yahia,Carrefour,Office,15.062,22.15
629,10/23/2004,Abha,Abdul,Carrefour,Food,4923.0426,8344.14
630,9/2/2004,Riyadh,Maliha,Panda,Toys,3759.9415,8744.05
631,2/24/2005,Jubail,Maliha,Panda,Home,1636.9355,4424.15
632,8/11/2004,Dammam,Maliha,Othaim,Office,748.4408,1740.56
633,1/4/2005,Riyadh,Yahia,Lulu,Food,3442.1715,8005.05
634,2/7/2006,Abha,Maliha,Othaim,Home,2895.18075,3096.45
635,3/28/2005,Riyadh,Mjeed,Carrefour,Home,5369.4795,9762.69
636,11/24/2005,Abha,Ghalia,Othaim,Toys,8476.7232,9632.64
637,8/28/2004,Abha,Abdul,Lulu,Office,5363.1532,7886.99
638,5/28/2005,Hail,Ghalia,Panda,Toys,2445.4151,6609.23
639,11/7/2005,Jeddah,Ghalia,Lulu,Office,5885.6925,9975.75
640,11/19/2004,Dammam,Yahia,Panda,Food,4198.0211,7115.29
641,7/31/2004,Abha,Yahia,Panda,Toys,6526.0448,7415.96
642,9/7/2004,Hail,Mjeed,Lulu,Office,1465.875,3257.5
643,4/12/2005,Jeddah,Yahia,Lulu,Food,4296.4138,7407.61
644,5/21/2006,Abha,Yahia,Carrefour,Office,3569.8872,4056.69
645,12/19/2004,Dammam,Mjeed,Lulu,Home,766.8992,1322.24
646,5/1/2006,Hail,Maliha,Lulu,Home,2081.3032,4840.24
647,5/8/2005,Jeddah,Yahia,Carrefour,Office,4109.1316,9556.12
648,12/18/2004,Jeddah,Maliha,Lulu,Toys,2692.7083,7277.59
649,9/3/2005,Riyadh,Ghalia,Carrefour,Toys,5831.8904,9884.56
650,12/25/2004,Hail,Ghalia,Panda,Food,2184.3061,5903.53
651,5/9/2006,Hail,Abdul,Panda,Office,4285.1775,5713.57
652,5/7/2005,Hail,Mjeed,Panda,Food,2608.936,2964.7
653,8/17/2004,Jubail,Mjeed,Lulu,Home,3418.536,6215.52
654,6/4/2005,Dammam,Maliha,Panda,Food,1895.993,3447.26
655,12/11/2004,Riyadh,Yahia,Othaim,Toys,3413.6274,9226.02
656,8/22/2004,Riyadh,Maliha,Othaim,Food,3448.9587,9321.51
657,6/18/2005,Hail,Maliha,Panda,Home,1527.282,3393.96
658,4/28/2006,Abha,Yahia,Carrefour,Office,3290.584,3739.3
659,8/12/2005,Abha,Mjeed,Othaim,Toys,6141.74,6979.25
660,3/31/2006,Hail,Mjeed,Lulu,Food,714.1564,1050.23
661,10/16/2004,Jubail,Yahia,Panda,Food,3394.8045,7544.01
662,10/24/2005,Riyadh,Maliha,Othaim,Food,5543.002,9556.9
663,12/9/2004,Jubail,Abdul,Othaim,Office,2935.0364,4316.23
664,9/13/2004,Jeddah,Ghalia,Panda,Food,2811.7965,7599.45
665,1/10/2006,Jubail,Ghalia,Carrefour,Home,4785.209,8700.38
666,1/10/2006,Dammam,Ghalia,Lulu,Office,5931.3544,8722.58
667,10/7/2005,Jubail,Maliha,Panda,Home,5117.514,8823.3
668,2/10/2006,Hail,Yahia,Lulu,Office,1088.6912,2531.84
669,6/27/2005,Hail,Ghalia,Carrefour,Food,1074.6909,2904.57
670,7/10/2004,Jeddah,Abdul,Carrefour,Food,4456.278,9902.84
671,2/6/2006,Hail,Ghalia,Panda,Home,1297.0134,2236.23
672,5/2/2005,Abha,Yahia,Carrefour,Toys,4384.4175,9743.15
673,2/25/2005,Abha,Ghalia,Carrefour,Home,1515.2425,4095.25
674,2/4/2005,Jeddah,Ghalia,Panda,Office,2044.8008,3007.06
675,4/9/2006,Hail,Abdul,Panda,Food,1786.3472,2029.94
676,10/7/2004,Dammam,Mjeed,Lulu,Food,3454.6789,9336.97
677,1/5/2005,Jeddah,Mjeed,Lulu,Office,219.0076,322.07
678,4/25/2005,Riyadh,Abdul,Othaim,Office,2700.3072,3971.04
679,4/23/2005,Jubail,Yahia,Carrefour,Food,3671.8541,9923.93
680,10/17/2004,Jubail,Maliha,Carrefour,Toys,4014.8122,6922.09
681,8/16/2005,Jubail,Yahia,Panda,Food,2190.5275,5094.25
682,2/28/2005,Abha,Ghalia,Panda,Office,4939.5375,6586.05
683,12/10/2004,Dammam,Yahia,Othaim,Office,3043.75225,3255.35
684,3/8/2005,Abha,Mjeed,Panda,Food,62.325,83.1
685,12/1/2004,Jubail,Mjeed,Panda,Home,730.538,1238.2
686,6/8/2006,Jubail,Maliha,Othaim,Home,2605.3515,5789.67
687,5/12/2006,Hail,Abdul,Othaim,Toys,1122.2567,1902.13
688,5/20/2005,Dammam,Abdul,Panda,Toys,3636.0838,6269.11
689,1/21/2006,Jubail,Ghalia,Carrefour,Toys,1438.404,2615.28
690,7/29/2005,Abha,Ghalia,Lulu,Home,3218.325,5851.5
691,11/1/2004,Jubail,Mjeed,Carrefour,Home,1283.5119,1372.74
692,12/27/2004,Dammam,Mjeed,Othaim,Food,4638.9192,6821.94
693,5/14/2006,Abha,Abdul,Panda,Food,5409.0278,9325.91
694,1/25/2006,Jeddah,Yahia,Lulu,Toys,517.7645,941.39
695,2/21/2005,Jubail,Ghalia,Lulu,Toys,131.8767,306.69
696,9/3/2005,Dammam,Yahia,Carrefour,Toys,3514.2808,5168.06
697,12/19/2005,Dammam,Mjeed,Othaim,Toys,2986.3084,4391.63
698,12/4/2005,Dammam,Yahia,Panda,Toys,2741.013,6091.14
699,1/29/2005,Jeddah,Ghalia,Carrefour,Food,7371.4425,9828.59
700,6/9/2005,Riyadh,Ghalia,Othaim,Food,5771,9950
701,10/3/2004,Abha,Yahia,Carrefour,Home,975.0336,2267.52
702,2/25/2005,Dammam,Yahia,Othaim,Home,3112.8675,4150.49
703,1/8/2006,Jeddah,Maliha,Carrefour,Office,1194.3855,2654.19
704,6/24/2004,Jeddah,Mjeed,Carrefour,Toys,1712.0752,1945.54
705,5/12/2006,Riyadh,Abdul,Carrefour,Office,4764.9842,8215.49
706,5/27/2005,Abha,Mjeed,Lulu,Food,3352.4146,9060.58
707,7/13/2004,Abha,Abdul,Lulu,Home,690.3334,1190.23
708,10/15/2005,Jeddah,Yahia,Othaim,Toys,1509.893,2745.26
709,6/7/2006,Dammam,Abdul,Lulu,Toys,1569.5121,2660.19
710,11/29/2004,Dammam,Yahia,Carrefour,Toys,2962.6168,5107.96
711,3/10/2006,Jeddah,Yahia,Carrefour,Food,2963.2338,8008.74
712,2/17/2005,Jeddah,Maliha,Carrefour,Food,2266.7966,5271.62
713,4/26/2006,Hail,Yahia,Lulu,Toys,7054.7752,8016.79
714,12/21/2005,Jeddah,Yahia,Lulu,Office,2032.7171,5493.83
715,8/2/2005,Riyadh,Mjeed,Carrefour,Food,3695.7672,9988.56
716,9/5/2004,Jeddah,Abdul,Carrefour,Food,5486.8231,5868.26
717,11/17/2004,Dammam,Mjeed,Lulu,Food,3404.2008,3868.41
718,4/27/2005,Abha,Mjeed,Carrefour,Home,3027.87,4452.75
719,6/24/2004,Hail,Mjeed,Panda,Office,6180.37805,6610.03
720,7/5/2005,Abha,Abdul,Lulu,Food,700.90405,749.63
721,3/2/2006,Dammam,Yahia,Lulu,Office,2916.7138,3119.48
722,11/19/2005,Riyadh,Ghalia,Othaim,Office,5560.97795,5947.57
723,9/5/2005,Jubail,Yahia,Panda,Office,3209.3817,5439.63
724,2/16/2005,Dammam,Maliha,Panda,Toys,5085.1274,8618.86
725,9/1/2004,Abha,Maliha,Panda,Office,5018.3728,7379.96
726,7/9/2004,Abha,Yahia,Carrefour,Toys,3034.3885,8201.05
727,3/18/2006,Abha,Maliha,Panda,Food,3495.945,4661.26
728,2/10/2005,Abha,Maliha,Lulu,Food,5970.7384,6784.93
729,7/13/2005,Jeddah,Ghalia,Carrefour,Toys,1612.1085,4357.05
730,1/2/2005,Jeddah,Ghalia,Panda,Food,2272.1071,6140.83
731,2/14/2005,Abha,Maliha,Lulu,Toys,5433.78,7245.04
732,2/10/2006,Jeddah,Maliha,Othaim,Office,3235.2345,7189.41
733,1/21/2005,Jeddah,Abdul,Lulu,Home,1883.7477,5091.21
734,9/21/2005,Riyadh,Maliha,Othaim,Toys,4252.094,7731.08
735,9/30/2005,Jeddah,Maliha,Panda,Toys,947.3233,1013.18
736,4/2/2005,Abha,Yahia,Othaim,Toys,3064.0884,8281.32
737,3/14/2005,Abha,Maliha,Panda,Office,3411.815,3649
738,12/7/2004,Dammam,Maliha,Carrefour,Office,4485.4381,4797.26
739,12/22/2004,Jeddah,Maliha,Othaim,Home,3654.4376,4152.77
740,9/17/2005,Jubail,Yahia,Carrefour,Food,1660.4823,4487.79
741,10/21/2004,Jeddah,Abdul,Othaim,Office,5842.7912,8592.34
742,9/4/2004,Abha,Yahia,Carrefour,Toys,2356.7913,5480.91
743,3/14/2005,Riyadh,Abdul,Panda,Food,706.0969,1908.37
744,6/27/2005,Hail,Mjeed,Othaim,Home,2180.67,2907.56
745,4/28/2005,Jeddah,Abdul,Lulu,Home,6469.4333,6919.18
746,11/25/2005,Abha,Maliha,Lulu,Food,4280.7876,9955.32
747,1/8/2006,Jeddah,Maliha,Othaim,Home,1201.9446,2795.22
748,7/27/2005,Abha,Ghalia,Carrefour,Toys,1468.2327,2488.53
749,6/29/2004,Hail,Maliha,Panda,Office,1565.0745,2845.59
750,1/22/2006,Riyadh,Maliha,Othaim,Toys,1385.8965,3079.77
751,8/18/2005,Jubail,Ghalia,Othaim,Home,4025.1112,4573.99
752,5/9/2005,Hail,Yahia,Panda,Food,2723.9468,4696.46
753,10/24/2004,Jubail,Yahia,Lulu,Home,450.4709,763.51
754,2/12/2005,Abha,Maliha,Lulu,Toys,1100.8875,1467.85
755,8/21/2004,Jubail,Abdul,Othaim,Food,2606.7184,2962.18
756,8/16/2005,Jeddah,Abdul,Lulu,Food,1983.9016,3420.52
757,8/28/2004,Dammam,Yahia,Carrefour,Home,1901.445,2535.26
758,6/11/2005,Dammam,Maliha,Panda,Toys,2170.674,4823.72
759,1/10/2006,Abha,Yahia,Panda,Food,7176.73275,7675.65
760,2/6/2005,Jubail,Abdul,Carrefour,Toys,5322.3736,7827.02
761,11/26/2005,Hail,Ghalia,Carrefour,Home,3184.4639,7405.73
762,9/16/2004,Jeddah,Ghalia,Othaim,Food,828.5928,2239.44
763,11/1/2005,Abha,Maliha,Othaim,Home,42.4796,62.47
764,12/30/2004,Abha,Maliha,Panda,Home,2150.9675,5002.25
765,6/14/2005,Jeddah,Mjeed,Othaim,Home,4333.6535,7879.37
766,1/27/2005,Riyadh,Maliha,Lulu,Food,4856.2965,5193.9
767,4/8/2005,Jubail,Mjeed,Othaim,Toys,311.5725,415.43
768,3/18/2006,Abha,Abdul,Carrefour,Food,2962.5288,4356.66
769,4/12/2006,Hail,Maliha,Panda,Food,751.7565,1670.57
770,12/3/2005,Abha,Ghalia,Lulu,Home,2044.5683,3465.37
771,12/22/2005,Jeddah,Yahia,Lulu,Food,4847.263,8215.7
772,5/6/2006,Dammam,Ghalia,Lulu,Office,3172.0618,8573.14
773,7/10/2004,Dammam,Yahia,Lulu,Home,5100.5515,9273.73
774,2/7/2005,Dammam,Ghalia,Carrefour,Toys,3726.0311,3985.06
775,7/30/2005,Jeddah,Yahia,Othaim,Office,5237.0175,6982.69
776,3/21/2005,Jeddah,Maliha,Carrefour,Home,260.964,579.92
777,6/24/2004,Jubail,Mjeed,Lulu,Food,4968.8375,9034.25
778,3/22/2006,Jeddah,Yahia,Othaim,Food,1547.5295,2813.69
779,5/19/2006,Jubail,Yahia,Othaim,Home,3908.8896,4441.92
780,6/9/2005,Dammam,Maliha,Panda,Home,3481.276,6002.2
781,2/9/2006,Jeddah,Ghalia,Carrefour,Home,1140.273,2533.94
782,8/2/2005,Riyadh,Yahia,Carrefour,Toys,4364.43975,4667.85
783,6/19/2004,Jubail,Yahia,Othaim,Office,121.977,271.06
784,3/28/2005,Abha,Ghalia,Panda,Home,287.936,523.52
785,2/6/2006,Dammam,Ghalia,Panda,Food,7334.85995,7844.77
786,2/28/2006,Riyadh,Mjeed,Carrefour,Office,8702.3376,9889.02
787,5/25/2006,Jubail,Yahia,Othaim,Home,2580.639,6974.7
788,7/4/2005,Abha,Yahia,Panda,Home,344.9402,368.92
789,3/31/2006,Jeddah,Ghalia,Lulu,Toys,892.6496,1312.72
790,7/10/2005,Riyadh,Mjeed,Othaim,Office,4941.508,8984.56
791,6/23/2005,Hail,Abdul,Othaim,Home,4777.3332,7025.49
792,7/26/2005,Dammam,Ghalia,Carrefour,Toys,6050.4088,8897.66
793,4/7/2006,Jubail,Yahia,Carrefour,Toys,2178.0853,3691.67
794,5/1/2006,Riyadh,Mjeed,Carrefour,Office,2347.59,3130.12
795,4/6/2005,Dammam,Maliha,Carrefour,Office,7375.15845,7887.87
796,11/24/2005,Hail,Yahia,Othaim,Food,744.4844,1094.83
797,11/4/2005,Dammam,Mjeed,Carrefour,Home,6525.3,8700.4
798,10/21/2005,Dammam,Abdul,Carrefour,Food,8114.07025,8678.15
799,3/26/2005,Dammam,Maliha,Panda,Food,578.6071,980.69
800,11/2/2005,Riyadh,Mjeed,Carrefour,Food,5180.138,7617.85
801,12/9/2004,Jeddah,Mjeed,Panda,Food,6029.985,8039.98
802,4/6/2006,Riyadh,Maliha,Othaim,Office,4686.957,8521.74
803,9/6/2004,Riyadh,Maliha,Lulu,Food,2808.3587,4759.93
804,9/14/2005,Jeddah,Maliha,Panda,Home,3607.241,6558.62
805,5/29/2006,Dammam,Ghalia,Lulu,Home,295.7856,336.12
806,9/13/2005,Abha,Maliha,Carrefour,Toys,2306.5689,6233.97
807,3/21/2005,Abha,Ghalia,Panda,Office,4189.1417,9742.19
808,5/1/2006,Hail,Maliha,Othaim,Food,3650.8996,5368.97
809,7/21/2005,Jubail,Mjeed,Panda,Office,1641.6136,1865.47
810,8/1/2005,Dammam,Yahia,Othaim,Home,7010.2725,9347.03
811,11/11/2005,Riyadh,Abdul,Lulu,Toys,1803.8388,4875.24
812,12/15/2005,Hail,Maliha,Panda,Toys,5964,7952
813,9/24/2005,Abha,Yahia,Panda,Food,3337.1625,4449.55
814,9/8/2005,Dammam,Maliha,Othaim,Office,3285.99205,3514.43
815,7/11/2005,Hail,Mjeed,Panda,Food,3107.2789,7226.23
816,1/5/2006,Abha,Abdul,Lulu,Food,9284.3817,9929.82
817,1/5/2005,Dammam,Yahia,Lulu,Food,644.4688,1092.32
818,3/27/2006,Abha,Mjeed,Carrefour,Toys,5943.5552,6754.04
819,1/14/2005,Dammam,Maliha,Carrefour,Office,6385.7321,6829.66
820,1/4/2005,Jubail,Ghalia,Panda,Food,2681.8388,4623.86
821,12/25/2005,Abha,Abdul,Lulu,Food,3106.86,4142.48
822,2/6/2005,Riyadh,Mjeed,Lulu,Food,1615.6175,3757.25
823,11/15/2005,Abha,Maliha,Lulu,Food,2345.6158,2508.68
824,12/9/2004,Jeddah,Maliha,Othaim,Home,1918.1962,3251.18
825,3/29/2006,Jubail,Abdul,Othaim,Toys,525.5612,906.14
826,7/29/2005,Hail,Ghalia,Panda,Food,2259.477,3895.65
827,2/12/2006,Jeddah,Yahia,Panda,Home,5925.915,7901.22
828,12/19/2004,Riyadh,Abdul,Carrefour,Home,5867.6562,9945.18
829,11/16/2005,Jubail,Ghalia,Carrefour,Home,816.1702,1407.19
830,8/29/2004,Dammam,Yahia,Panda,Office,3729.2025,4972.27
831,5/20/2005,Jubail,Ghalia,Carrefour,Home,3633.7236,8450.52
832,9/12/2005,Dammam,Yahia,Lulu,Office,974.2635,2165.03
833,12/31/2005,Hail,Mjeed,Othaim,Food,8192.4656,9309.62
834,3/2/2006,Hail,Ghalia,Lulu,Toys,3802.886,6556.7
835,1/28/2006,Jeddah,Yahia,Carrefour,Toys,3479.96,3954.5
836,6/18/2004,Hail,Yahia,Othaim,Food,3852.5265,8561.17
837,3/28/2005,Abha,Abdul,Lulu,Office,4341.2246,7484.87
838,10/3/2005,Dammam,Yahia,Carrefour,Office,9189.7784,9828.64
839,12/2/2004,Dammam,Abdul,Othaim,Office,2965.0392,6895.44
840,5/18/2006,Riyadh,Abdul,Lulu,Toys,2442.518,6601.4
841,6/7/2005,Hail,Mjeed,Carrefour,Food,3612.194,5312.05
842,4/18/2006,Jeddah,Ghalia,Panda,Home,3239.99005,3465.23
843,1/26/2006,Abha,Yahia,Carrefour,Food,6053.595,8071.46
844,5/11/2006,Jeddah,Abdul,Lulu,Food,2293.845,3058.46
845,7/1/2004,Jubail,Mjeed,Panda,Office,105.4019,284.87
846,1/29/2005,Jubail,Ghalia,Lulu,Toys,5831.5187,9883.93
847,12/29/2005,Hail,Yahia,Panda,Food,687.2085,1249.47
848,9/21/2004,Jubail,Yahia,Carrefour,Office,2177.006,5883.8
849,8/23/2005,Abha,Maliha,Othaim,Food,3975.27,5300.36
850,12/1/2005,Jubail,Maliha,Carrefour,Home,3436.89,4582.52
851,6/28/2004,Jeddah,Yahia,Othaim,Office,2043.5578,4752.46
852,1/18/2005,Jeddah,Mjeed,Carrefour,Home,404.3025,539.07
853,9/4/2004,Jubail,Abdul,Lulu,Toys,5157.0475,9376.45
854,9/16/2005,Riyadh,Ghalia,Panda,Toys,4240.0967,9860.69
855,2/25/2005,Abha,Maliha,Othaim,Home,8385.2824,9528.73
856,8/20/2005,Dammam,Mjeed,Panda,Home,196.4584,456.88
857,4/29/2006,Riyadh,Mjeed,Panda,Toys,195.219,433.82
858,8/6/2004,Jeddah,Yahia,Panda,Toys,3617.0783,8411.81
859,4/21/2005,Jubail,Yahia,Othaim,Office,731.8193,1977.89
860,1/18/2006,Dammam,Mjeed,Panda,Home,3651.7105,8492.35
861,1/20/2005,Dammam,Abdul,Lulu,Home,5085.3075,6780.41
862,4/7/2006,Abha,Maliha,Carrefour,Office,913.3028,1574.66
863,12/26/2005,Hail,Abdul,Carrefour,Home,5533.4048,5918.08
864,3/26/2005,Hail,Mjeed,Carrefour,Office,6043.74,8058.32
865,4/5/2005,Hail,Abdul,Panda,Toys,4007.9864,4554.53
866,10/22/2005,Hail,Ghalia,Lulu,Toys,819.2368,1204.76
867,6/13/2006,Riyadh,Yahia,Panda,Office,2187.7136,3771.92
868,9/30/2004,Jubail,Abdul,Lulu,Office,2844.6118,7688.14
869,9/12/2004,Jubail,Yahia,Panda,Food,3673.2696,4174.17
870,4/16/2006,Riyadh,Maliha,Lulu,Home,2521.9543,5865.01
871,7/8/2004,Dammam,Ghalia,Othaim,Home,3708.54,4944.72
872,4/7/2005,Abha,Ghalia,Carrefour,Toys,5761.5822,6162.12
873,11/15/2005,Hail,Mjeed,Panda,Food,4854.3364,7138.73
874,9/14/2005,Jeddah,Yahia,Othaim,Toys,4949.8725,6599.83
875,1/26/2005,Dammam,Yahia,Carrefour,Office,916.59,1222.12
876,5/26/2006,Jubail,Maliha,Lulu,Toys,3631.5149,6155.11
877,11/3/2005,Hail,Maliha,Lulu,Food,1380.9066,3732.18
878,7/25/2005,Riyadh,Yahia,Lulu,Toys,1394.7222,3243.54
879,1/20/2006,Abha,Maliha,Carrefour,Home,2790.6526,4811.47
880,9/23/2005,Dammam,Abdul,Carrefour,Food,2421.242,3560.65
881,12/22/2005,Jeddah,Ghalia,Panda,Toys,2974.30045,3181.07
882,11/21/2004,Riyadh,Yahia,Carrefour,Toys,3386.79,6157.8
883,11/9/2005,Jubail,Abdul,Othaim,Toys,2245.1492,3301.69
884,5/4/2005,Dammam,Maliha,Panda,Office,1018.347,1851.54
885,2/8/2006,Riyadh,Ghalia,Othaim,Food,2764.6918,7472.14
886,8/23/2004,Dammam,Abdul,Carrefour,Home,8622.14925,9221.55
887,7/23/2004,Jubail,Ghalia,Carrefour,Office,1152.1689,3113.97
888,7/8/2004,Abha,Yahia,Panda,Office,1829.652,2079.15
889,5/19/2006,Abha,Mjeed,Panda,Food,1854.6072,4313.04
890,1/28/2006,Riyadh,Yahia,Carrefour,Home,6513.69,8684.92
891,2/4/2006,Hail,Yahia,Lulu,Home,4114.4077,9568.39
892,6/7/2006,Dammam,Abdul,Lulu,Toys,5395.126,9809.32
893,11/6/2005,Hail,Yahia,Panda,Office,2922.2859,7898.07
894,12/14/2004,Jeddah,Ghalia,Othaim,Office,699.7004,1206.38
895,5/28/2006,Jeddah,Ghalia,Lulu,Food,5262.2075,9567.65
896,8/6/2005,Jubail,Maliha,Panda,Toys,607.6486,1047.67
897,7/17/2004,Hail,Ghalia,Othaim,Office,782.7325,1423.15
898,4/4/2006,Hail,Mjeed,Lulu,Toys,1070.9503,1815.17
899,10/17/2005,Abha,Abdul,Panda,Home,2487.8293,2660.78
900,8/30/2004,Jubail,Maliha,Panda,Toys,4482.798,6592.35
901,12/13/2005,Jubail,Yahia,Panda,Food,1191.2446,2053.87
902,1/6/2005,Jeddah,Yahia,Panda,Office,2795.4613,4738.07
903,7/8/2004,Dammam,Maliha,Carrefour,Home,2226.6651,2381.46
904,12/4/2004,Dammam,Maliha,Panda,Food,3906.9855,8682.19
905,6/7/2006,Hail,Yahia,Lulu,Office,3084.5731,5228.09
906,9/16/2005,Dammam,Maliha,Carrefour,Food,1805.7295,4880.35
907,10/29/2004,Abha,Maliha,Panda,Toys,3180.6214,5483.83
908,5/22/2006,Jeddah,Abdul,Panda,Toys,4441.3792,6531.44
909,10/7/2004,Abha,Maliha,Carrefour,Food,4574.7884,6727.63
910,12/14/2004,Hail,Maliha,Lulu,Office,2046.6315,4548.07
911,9/18/2005,Hail,Ghalia,Panda,Toys,5347.43,9722.6
912,4/27/2005,Abha,Ghalia,Carrefour,Office,2387.4477,2553.42
913,3/22/2006,Abha,Mjeed,Panda,Home,899.5376,1524.64
914,4/14/2005,Riyadh,Yahia,Carrefour,Food,447.3485,1209.05
915,11/6/2004,Riyadh,Maliha,Carrefour,Food,563.563,1024.66
916,1/27/2005,Abha,Mjeed,Othaim,Home,4695.7468,6905.51
917,4/14/2005,Dammam,Yahia,Othaim,Office,7994.1378,8549.88
918,3/23/2006,Dammam,Yahia,Carrefour,Food,1283.2636,3468.28
919,9/15/2005,Dammam,Abdul,Lulu,Office,3251.3625,4335.15
920,12/11/2004,Riyadh,Abdul,Othaim,Office,6585.66,8780.88
921,7/25/2005,Riyadh,Abdul,Othaim,Food,6673.348,7583.35
922,3/21/2006,Dammam,Ghalia,Panda,Home,4071.136,7019.2
923,12/13/2005,Dammam,Abdul,Carrefour,Home,3799.8369,8836.83
924,7/25/2005,Dammam,Mjeed,Panda,Home,3287.614,5977.48
925,8/1/2004,Riyadh,Abdul,Panda,Toys,2222.2552,2525.29
926,1/16/2005,Dammam,Yahia,Othaim,Office,516.014,874.6
927,3/29/2006,Riyadh,Mjeed,Carrefour,Toys,1746.5424,3011.28
928,4/5/2006,Riyadh,Maliha,Carrefour,Office,3135.6094,8474.62
929,7/30/2004,Dammam,Ghalia,Carrefour,Office,6831.51205,7306.43
930,4/25/2005,Hail,Maliha,Lulu,Office,8208.3408,9327.66
931,11/21/2004,Jeddah,Yahia,Carrefour,Office,5029.8975,8525.25
932,5/13/2006,Abha,Yahia,Othaim,Food,2666.1386,7205.78
933,1/30/2005,Abha,Ghalia,Lulu,Home,5989.4824,6806.23
934,7/16/2004,Jubail,Mjeed,Panda,Office,5269.946,9581.72
935,1/1/2006,Jeddah,Yahia,Othaim,Office,727.4826,1691.82
936,1/31/2005,Hail,Abdul,Carrefour,Home,3331.048,4898.6
937,10/9/2004,Hail,Ghalia,Panda,Food,5723.322,8416.65
938,6/3/2006,Riyadh,Mjeed,Lulu,Office,3317.4607,8966.11
939,11/10/2004,Abha,Abdul,Panda,Home,4171.4396,6134.47
940,3/6/2005,Riyadh,Ghalia,Lulu,Home,3154.7064,5346.96
941,2/3/2005,Riyadh,Maliha,Panda,Toys,5162.8456,5521.76
942,10/21/2005,Hail,Maliha,Lulu,Home,1139.5648,1294.96
943,9/2/2004,Dammam,Abdul,Carrefour,Home,1514.0881,4092.13
944,12/25/2004,Jubail,Yahia,Othaim,Home,3343.995,7431.1
945,9/6/2005,Dammam,Abdul,Panda,Food,3853.0602,4120.92
946,11/29/2004,Riyadh,Maliha,Panda,Toys,4756.4436,6994.77
947,9/7/2004,Hail,Ghalia,Lulu,Home,5047.34505,5398.23
948,3/12/2006,Jubail,Yahia,Lulu,Home,4265.7032,4847.39
949,7/29/2004,Jubail,Maliha,Panda,Food,3961.1656,6713.84
950,3/2/2006,Hail,Maliha,Panda,Food,2779.3623,2972.58
951,12/29/2005,Jubail,Maliha,Othaim,Office,5622.9714,9530.46
952,1/11/2005,Dammam,Mjeed,Othaim,Home,5217.1856,5928.62
953,5/29/2006,Jubail,Maliha,Othaim,Food,4263.1784,6269.38
954,3/20/2006,Jubail,Mjeed,Lulu,Office,3175.6136,4670.02
955,12/27/2005,Jeddah,Maliha,Carrefour,Toys,1390.5881,1487.26
956,3/5/2006,Hail,Ghalia,Carrefour,Food,4802.7132,8280.54
957,12/5/2004,Dammam,Maliha,Othaim,Food,505.125,673.5
958,12/3/2005,Dammam,Yahia,Carrefour,Food,2650.3394,6163.58
959,11/25/2005,Jubail,Mjeed,Carrefour,Home,3202.8528,5522.16
960,5/27/2005,Riyadh,Mjeed,Othaim,Food,2116.3998,4921.86
961,11/13/2005,Abha,Mjeed,Carrefour,Toys,3653.6353,9874.69
962,4/21/2006,Riyadh,Yahia,Carrefour,Office,3627.81,8061.8
963,3/14/2005,Jeddah,Yahia,Panda,Office,5525.3874,9526.53
964,8/23/2005,Jubail,Maliha,Lulu,Toys,2798.036,4824.2
965,9/7/2004,Abha,Mjeed,Lulu,Toys,1864.6688,2742.16
966,8/4/2004,Jeddah,Mjeed,Othaim,Toys,839.187,1864.86
967,10/29/2005,Abha,Yahia,Panda,Toys,1712.9652,3983.64
968,3/1/2005,Riyadh,Maliha,Carrefour,Toys,1679.8925,4540.25
969,7/31/2004,Jubail,Abdul,Othaim,Toys,962.9235,1750.77
970,7/28/2005,Dammam,Ghalia,Othaim,Food,3967.77,5290.36
971,5/22/2006,Riyadh,Yahia,Panda,Office,2827.516,4792.4
972,11/10/2005,Riyadh,Mjeed,Othaim,Office,4551.283,8275.06
973,10/15/2004,Hail,Abdul,Carrefour,Home,2989.3365,6642.97
974,3/12/2005,Jeddah,Abdul,Lulu,Office,2181.6051,5896.23
975,7/25/2004,Dammam,Maliha,Carrefour,Food,2898.5698,6740.86
976,7/23/2004,Riyadh,Yahia,Othaim,Office,829.3296,942.42
977,1/9/2006,Jubail,Mjeed,Othaim,Home,7340.2923,7850.58
978,6/11/2005,Riyadh,Ghalia,Carrefour,Food,3079.0035,6842.23
979,6/24/2004,Hail,Yahia,Panda,Home,2019.5641,3422.99
980,11/24/2004,Dammam,Maliha,Panda,Office,2308.661,3980.45
981,8/19/2005,Hail,Ghalia,Panda,Food,7772.23425,8312.55
982,12/17/2005,Abha,Maliha,Othaim,Office,1496.0616,1700.07
983,7/2/2005,Riyadh,Ghalia,Othaim,Office,2249.06,2555.75
984,10/14/2004,Jubail,Maliha,Carrefour,Toys,4442.5744,5048.38
985,1/4/2006,Jeddah,Mjeed,Othaim,Food,3864.6444,6663.18
986,4/15/2005,Abha,Yahia,Carrefour,Food,2393.1864,2719.53
987,7/19/2004,Riyadh,Maliha,Carrefour,Toys,5542.5438,9556.11
988,12/30/2005,Jubail,Yahia,Carrefour,Office,5338.44,7117.92
989,6/6/2005,Riyadh,Yahia,Carrefour,Office,1802.8736,2048.72
990,7/20/2005,Jeddah,Ghalia,Carrefour,Home,1118.2211,1895.29
991,3/21/2005,Riyadh,Ghalia,Carrefour,Office,5079.613,9235.66
992,8/16/2004,Hail,Mjeed,Othaim,Office,2095.9028,3082.21
993,9/7/2004,Dammam,Maliha,Othaim,Toys,7884.26595,8432.37
994,12/18/2005,Jeddah,Abdul,Othaim,Toys,4920.1226,8482.97
995,9/30/2004,Abha,Yahia,Panda,Home,3236.7341,8747.93
996,11/24/2005,Jubail,Ghalia,Othaim,Toys,3276.39895,3504.17
997,9/6/2005,Jeddah,Abdul,Lulu,Toys,3619.6656,9782.88
998,12/14/2004,Dammam,Yahia,Othaim,Food,4676.4414,8062.83
999,6/17/2004,Jubail,Yahia,Carrefour,Office,5773.2,8490
1000,9/3/2005,Jeddah,Abdul,Othaim,Toys,986.931,2193.18
1001,6/22/2004,Hail,Mjeed,Carrefour,Food,2687.9694,4634.43
1002,3/16/2005,Dammam,Maliha,Othaim,Toys,605.9735,1101.77
1003,11/11/2004,Abha,Abdul,Carrefour,Home,1819.989,4044.42
1004,2/5/2006,Riyadh,Yahia,Carrefour,Office,375.8497,1015.81
1005,9/14/2005,Dammam,Maliha,Carrefour,Toys,8115.052,8679.2
1006,6/1/2006,Dammam,Abdul,Othaim,Food,296.5985,539.27
1007,10/31/2005,Riyadh,Abdul,Lulu,Toys,5670.6552,9611.28
1008,5/13/2006,Jubail,Ghalia,Othaim,Home,927.6233,2507.09
1009,2/25/2006,Dammam,Maliha,Lulu,Office,2306.7687,6234.51
1010,1/16/2005,Jeddah,Yahia,Carrefour,Home,2476.3958,5759.06
1011,4/13/2006,Abha,Maliha,Carrefour,Toys,5416.98795,5793.57
1012,3/5/2005,Dammam,Maliha,Panda,Food,796.026,1447.32
1013,2/16/2006,Riyadh,Maliha,Lulu,Toys,83.82,95.25
1014,2/1/2006,Jubail,Maliha,Lulu,Toys,2812.1368,3195.61
1015,10/30/2004,Riyadh,Yahia,Othaim,Toys,1438.4744,1634.63
1016,12/14/2004,Dammam,Ghalia,Othaim,Home,5300.6646,5669.16
1017,3/23/2006,Jubail,Abdul,Lulu,Toys,5256.5047,8909.33
1018,6/9/2005,Dammam,Mjeed,Othaim,Home,1201.1828,3246.44
1019,6/21/2004,Dammam,Yahia,Othaim,Home,285.0771,662.97
1020,12/7/2005,Abha,Mjeed,Lulu,Food,1857.497,3148.3
1021,8/3/2005,Abha,Abdul,Carrefour,Office,8814.57225,9427.35
1022,5/25/2006,Dammam,Maliha,Panda,Food,1259.0744,2928.08
1023,4/12/2005,Jeddah,Ghalia,Lulu,Food,7061.42855,7552.33
1024,12/29/2004,Hail,Maliha,Lulu,Toys,6379.4115,6822.9
1025,6/2/2005,Dammam,Ghalia,Carrefour,Food,4484.9024,5096.48
1026,7/17/2005,Abha,Maliha,Panda,Home,5375.1456,6108.12
1027,9/30/2004,Hail,Ghalia,Carrefour,Toys,6348.089,6789.4
1028,11/19/2005,Dammam,Maliha,Othaim,Office,399.9525,533.27
1029,1/23/2006,Abha,Mjeed,Carrefour,Food,6394.5092,9403.69
1030,1/20/2005,Riyadh,Yahia,Othaim,Home,466.6489,1085.23
1031,1/16/2005,Dammam,Yahia,Lulu,Office,3468.344,6306.08
1032,4/21/2006,Abha,Ghalia,Carrefour,Food,3303.1998,7681.86
1033,7/12/2005,Hail,Mjeed,Othaim,Office,287.6544,326.88
1034,7/17/2005,Riyadh,Yahia,Carrefour,Office,1869.8098,5053.54
1035,12/20/2005,Abha,Mjeed,Othaim,Toys,2212.823,5146.1
1036,7/17/2004,Abha,Ghalia,Panda,Toys,1210.3425,1613.79
1037,5/21/2005,Riyadh,Ghalia,Lulu,Office,1886.9038,5099.74
1038,4/12/2006,Riyadh,Ghalia,Carrefour,Toys,5261.6082,8917.98
1039,12/18/2004,Abha,Mjeed,Panda,Food,331.2614,561.46
1040,5/20/2006,Jubail,Yahia,Panda,Home,2950.4429,7974.17
1041,2/23/2006,Jeddah,Abdul,Lulu,Office,1776.6,2368.8
1042,10/13/2005,Hail,Maliha,Carrefour,Food,18.0728,31.16
1043,12/19/2005,Abha,Maliha,Lulu,Toys,5848.9125,7798.55
1044,2/7/2006,Abha,Ghalia,Panda,Home,297.9351,805.23
1045,4/4/2005,Jubail,Abdul,Othaim,Food,1454.9975,2645.45
1046,9/24/2004,Hail,Abdul,Lulu,Office,112.7984,128.18
1047,9/19/2004,Jeddah,Ghalia,Lulu,Home,115.3515,209.73
1048,2/11/2006,Jeddah,Mjeed,Panda,Food,2623.2334,7089.82
1049,10/4/2004,Jubail,Abdul,Panda,Office,4398.0632,6467.74
1050,4/7/2005,Riyadh,Maliha,Lulu,Office,4155.9016,6111.62
1051,1/17/2006,Dammam,Mjeed,Carrefour,Toys,259.2975,471.45
1052,6/7/2005,Jeddah,Maliha,Carrefour,Toys,3387.0825,7526.85
1053,1/6/2006,Jeddah,Yahia,Panda,Office,124.4595,226.29
1054,5/4/2005,Abha,Abdul,Lulu,Office,2880.6572,7785.56
1055,7/18/2004,Dammam,Mjeed,Carrefour,Office,5438.6365,9888.43
1056,2/27/2005,Riyadh,Mjeed,Panda,Office,582.6844,1355.08
1057,1/15/2005,Jubail,Yahia,Carrefour,Toys,1559.614,2293.55
1058,9/19/2005,Hail,Maliha,Lulu,Office,6886.3432,7825.39
1059,7/10/2005,Riyadh,Maliha,Carrefour,Food,3381.0748,9138.04
1060,3/6/2006,Hail,Maliha,Lulu,Toys,925.9605,2057.69
1061,5/8/2005,Riyadh,Ghalia,Lulu,Office,814.518,1810.04
1062,5/15/2006,Jubail,Yahia,Lulu,Home,3605.041,6554.62
1063,9/1/2004,Dammam,Ghalia,Lulu,Toys,425.4437,455.02
1064,1/21/2005,Dammam,Yahia,Panda,Home,1476.2889,3989.97
1065,12/25/2005,Jubail,Abdul,Lulu,Home,1812.1425,2416.19
1066,3/22/2005,Jeddah,Yahia,Othaim,Office,4231.2276,7295.22
1067,10/29/2005,Jeddah,Abdul,Panda,Toys,1879.0782,3239.79
1068,12/4/2005,Hail,Abdul,Carrefour,Food,3171.5981,5375.59
1069,8/19/2005,Abha,Mjeed,Panda,Food,4217.7152,9808.64
1070,6/22/2004,Dammam,Maliha,Othaim,Home,1007.748,2239.44
1071,7/14/2005,Abha,Ghalia,Lulu,Food,2178.7928,5066.96
1072,10/13/2005,Hail,Yahia,Carrefour,Toys,2395.2468,6473.64
1073,8/25/2005,Jeddah,Mjeed,Lulu,Home,4355.793,7382.7
1074,10/8/2004,Abha,Maliha,Carrefour,Food,7750.4768,8807.36
1075,3/16/2005,Abha,Yahia,Lulu,Office,4363.1798,7395.22
1076,11/22/2005,Riyadh,Abdul,Othaim,Home,1014.3214,1748.83
1077,5/27/2006,Jubail,Abdul,Carrefour,Food,1067.1625,1808.75
1078,6/9/2006,Jeddah,Yahia,Lulu,Office,4426.8998,7503.22
1079,9/14/2004,Abha,Mjeed,Lulu,Toys,3229.116,3453.6
1080,2/25/2005,Jeddah,Mjeed,Othaim,Office,2947.35375,3152.25
1081,8/27/2005,Riyadh,Maliha,Panda,Toys,3424.916,6227.12
1082,11/26/2004,Dammam,Mjeed,Othaim,Food,3950.3464,4489.03
1083,4/28/2005,Hail,Maliha,Othaim,Toys,3493.0534,8123.38
1084,8/18/2005,Jeddah,Maliha,Panda,Toys,5147.4362,8874.89
1085,6/25/2005,Hail,Mjeed,Othaim,Home,3282.3225,7294.05
1086,10/29/2005,Hail,Maliha,Panda,Home,2365.792,2688.4
1087,9/30/2004,Jubail,Mjeed,Lulu,Office,3523.6395,9523.35
1088,8/4/2005,Abha,Maliha,Lulu,Office,4911.24645,5252.67
1089,7/14/2004,Hail,Ghalia,Carrefour,Food,4413.681,9808.18
1090,11/16/2005,Hail,Maliha,Lulu,Food,4919.222,8944.04
1091,3/26/2006,Hail,Yahia,Lulu,Home,2736.1545,4637.55
1092,6/1/2006,Jeddah,Mjeed,Othaim,Food,1276.155,1701.54
1093,7/5/2004,Abha,Mjeed,Lulu,Toys,746.295,1356.9
1094,8/6/2005,Jeddah,Mjeed,Panda,Toys,4509.1616,6631.12
1095,8/11/2004,Jubail,Yahia,Panda,Toys,4044.8705,7354.31
1096,10/2/2005,Dammam,Maliha,Carrefour,Food,1844.1947,4984.31
1097,1/24/2005,Hail,Maliha,Lulu,Food,1091.1379,2537.53
1098,10/29/2005,Riyadh,Abdul,Othaim,Food,6204.5716,9124.37
1099,12/22/2004,Abha,Maliha,Lulu,Toys,3786.8864,4303.28
1100,3/24/2006,Jeddah,Yahia,Othaim,Home,4901.4292,8450.74
1101,2/22/2005,Jeddah,Mjeed,Panda,Home,7872.3216,8945.82
1102,2/19/2006,Hail,Yahia,Lulu,Toys,949.518,2110.04
1103,11/1/2005,Dammam,Yahia,Lulu,Food,4805.8864,7067.48
1104,2/28/2006,Hail,Mjeed,Othaim,Toys,125.8999,340.27
1105,8/9/2004,Dammam,Maliha,Othaim,Food,1950.7224,2216.73
1106,7/1/2005,Jeddah,Ghalia,Othaim,Office,5412.7864,7959.98
1107,11/24/2005,Dammam,Maliha,Panda,Food,2959.0962,5101.89
1108,1/24/2005,Dammam,Abdul,Carrefour,Home,331.1537,895.01
1109,6/16/2005,Dammam,Yahia,Panda,Office,4949.535,6599.38
1110,8/22/2004,Riyadh,Maliha,Othaim,Toys,3539.2165,9565.45
1111,5/18/2005,Riyadh,Ghalia,Lulu,Office,3795.6057,6433.23
1112,9/17/2005,Jeddah,Abdul,Lulu,Office,2918.628,6485.84
1113,10/20/2004,Jubail,Yahia,Carrefour,Home,6882.568,7821.1
1114,1/9/2006,Jeddah,Mjeed,Othaim,Home,1222.62,1630.16
1115,11/9/2004,Hail,Mjeed,Carrefour,Food,3374.2057,7846.99
1116,9/5/2004,Abha,Yahia,Panda,Office,965.3328,2244.96
1117,10/15/2005,Jeddah,Mjeed,Panda,Food,3219.6068,8701.64
1118,6/17/2005,Hail,Mjeed,Carrefour,Home,676.907,1147.3
1119,11/21/2005,Riyadh,Mjeed,Lulu,Toys,396.8953,1072.69
1120,5/8/2006,Hail,Maliha,Othaim,Toys,6255.495,8340.66
1121,4/17/2005,Abha,Mjeed,Othaim,Toys,1486.276,1589.6
1122,6/7/2006,Jubail,Ghalia,Lulu,Toys,304.81,326
1123,9/20/2004,Riyadh,Maliha,Carrefour,Office,939.3316,1381.37
1124,6/25/2004,Dammam,Abdul,Carrefour,Home,2357.4342,2521.32
1125,6/7/2005,Jubail,Ghalia,Othaim,Food,5256.064,9556.48
1126,1/20/2006,Jubail,Yahia,Carrefour,Toys,871.2176,990.02
1127,2/19/2005,Riyadh,Maliha,Panda,Office,3523.0105,9521.65
1128,1/14/2005,Hail,Mjeed,Panda,Food,2876.2098,6688.86
1129,10/28/2004,Jeddah,Maliha,Lulu,Home,1701.0268,1819.28
1130,8/24/2005,Jubail,Yahia,Othaim,Office,4633.1444,7988.18
1131,3/21/2005,Abha,Mjeed,Panda,Office,2729.7638,7377.74
1132,7/28/2005,Hail,Maliha,Carrefour,Office,500.2184,568.43
1133,4/9/2006,Jubail,Mjeed,Lulu,Food,2647.4332,4564.54
1134,5/14/2005,Dammam,Yahia,Carrefour,Food,4811.7554,8296.13
1135,11/9/2005,Hail,Ghalia,Carrefour,Home,3090.3966,5328.27
1136,9/9/2004,Riyadh,Ghalia,Carrefour,Toys,4665.4069,4989.74
1137,8/7/2005,Jeddah,Yahia,Lulu,Home,8482.2452,9071.92
1138,8/31/2004,Jubail,Ghalia,Othaim,Home,2393.5456,3519.92
1139,6/10/2005,Jubail,Yahia,Panda,Food,3657.6316,8506.12
1140,3/21/2006,Riyadh,Abdul,Lulu,Home,4823.687,8770.34
1141,2/1/2006,Abha,Maliha,Carrefour,Home,4422.4548,6503.61
1142,7/22/2004,Jubail,Ghalia,Carrefour,Toys,704.2708,1214.26
1143,9/27/2005,Jubail,Maliha,Carrefour,Food,2648.4232,3894.74
1144,9/17/2005,Riyadh,Abdul,Lulu,Food,1575.673,2864.86
1145,8/16/2004,Jeddah,Ghalia,Othaim,Home,5014.3632,5698.14
1146,12/14/2004,Dammam,Yahia,Lulu,Food,6245.3716,9184.37
1147,11/25/2004,Abha,Mjeed,Othaim,Toys,3066.8079,8288.67
1148,5/19/2005,Riyadh,Ghalia,Panda,Office,1319.846,2399.72
1149,6/12/2006,Abha,Maliha,Panda,Home,2292.2225,5330.75
1150,7/14/2004,Jubail,Abdul,Panda,Home,1143.3482,1971.29
1151,9/24/2004,Abha,Ghalia,Othaim,Home,2872.7175,3830.29
1152,1/23/2005,Hail,Mjeed,Carrefour,Food,4448.4376,6541.82
1153,1/7/2005,Riyadh,Mjeed,Panda,Food,1406.34,3125.2
1154,4/10/2005,Jeddah,Mjeed,Othaim,Home,2771.3715,6445.05
1155,6/30/2004,Dammam,Maliha,Othaim,Office,5122.01415,5478.09
1156,1/2/2006,Dammam,Yahia,Carrefour,Office,3217.3425,7149.65
1157,12/20/2005,Jeddah,Maliha,Carrefour,Food,5489.836,6238.45
1158,3/10/2006,Riyadh,Mjeed,Lulu,Toys,4264.0993,9916.51
1159,9/30/2004,Dammam,Ghalia,Lulu,Toys,500.8875,1353.75
1160,6/18/2005,Riyadh,Yahia,Panda,Home,175.7964,297.96
1161,12/29/2004,Hail,Ghalia,Othaim,Home,2767.9344,3145.38
1162,12/27/2004,Hail,Ghalia,Carrefour,Food,1918.9986,3252.54
1163,7/9/2005,Abha,Maliha,Panda,Office,2437.0161,6586.53
1164,4/16/2006,Jubail,Maliha,Carrefour,Office,4473.2475,5964.33
1165,6/17/2005,Hail,Yahia,Panda,Home,6311.318,9281.35
1166,4/19/2005,Riyadh,Ghalia,Carrefour,Office,231.826,399.7
1167,2/14/2006,Dammam,Maliha,Panda,Food,4800.8884,7060.13
1168,9/6/2005,Jeddah,Mjeed,Lulu,Office,1421.2145,3305.15
1169,8/10/2005,Riyadh,Ghalia,Lulu,Office,944.3436,2552.28
1170,12/22/2004,Dammam,Maliha,Lulu,Toys,3727.46165,3986.59
1171,4/13/2006,Jubail,Mjeed,Othaim,Food,3293.4256,5678.32
1172,12/23/2005,Riyadh,Yahia,Panda,Home,1609.956,3577.68
1173,7/4/2005,Hail,Abdul,Panda,Home,2910.9562,5018.89
1174,12/2/2004,Abha,Yahia,Panda,Toys,6835.972,7768.15
1175,1/31/2005,Jeddah,Ghalia,Lulu,Toys,347.116,394.45
1176,7/21/2005,Hail,Ghalia,Panda,Home,7044.3375,9392.45
1177,9/6/2005,Hail,Mjeed,Othaim,Home,4294.03,6314.75
1178,12/29/2005,Hail,Mjeed,Panda,Home,822.2653,1393.67
1179,6/5/2006,Jeddah,Maliha,Lulu,Toys,1012.14685,1082.51
1180,5/1/2006,Dammam,Mjeed,Lulu,Office,3750.0773,8721.11
1181,10/25/2005,Jubail,Yahia,Panda,Food,2033.5438,3506.11
1182,4/14/2006,Riyadh,Abdul,Lulu,Home,343.2195,762.71
1183,6/12/2005,Dammam,Yahia,Lulu,Food,3438.0892,5927.74
1184,12/29/2005,Jeddah,Maliha,Othaim,Home,788.8772,1337.08
1185,7/22/2004,Dammam,Abdul,Panda,Office,1926.5388,3265.32
1186,10/7/2005,Jubail,Mjeed,Panda,Office,3328.6859,7741.13
1187,7/9/2004,Jubail,Mjeed,Othaim,Office,1236.6886,2876.02
1188,5/29/2005,Dammam,Ghalia,Othaim,Toys,2052.7092,3018.69
1189,8/9/2004,Jubail,Ghalia,Carrefour,Office,1149.2866,3106.18
1190,2/17/2005,Jeddah,Abdul,Panda,Food,3002.0096,4414.72
1191,10/14/2004,Jeddah,Abdul,Carrefour,Office,2317.304,3407.8
1192,8/30/2004,Jubail,Yahia,Carrefour,Office,3931.9824,6779.28
1193,1/5/2006,Abha,Mjeed,Panda,Home,3128.8279,3346.34
1194,4/12/2006,Jubail,Yahia,Lulu,Home,987.831,2195.18
1195,6/3/2006,Jubail,Yahia,Lulu,Home,1291.4625,1721.95
1196,1/6/2005,Jeddah,Mjeed,Othaim,Home,3370.994,6129.08
1197,5/25/2005,Hail,Ghalia,Panda,Toys,1310.3708,2259.26
1198,9/2/2005,Jeddah,Mjeed,Lulu,Home,2929.3275,5326.05
1199,10/6/2004,Jeddah,Ghalia,Carrefour,Home,3671.5798,6330.31
1200,3/18/2005,Abha,Maliha,Lulu,Toys,2600.9643,2781.78
1201,5/24/2005,Jubail,Abdul,Carrefour,Home,3591.2772,5281.29
1202,3/14/2006,Abha,Maliha,Othaim,Food,4846.16,5507
1203,9/9/2004,Dammam,Ghalia,Lulu,Toys,1724.0326,2972.47
1204,1/20/2005,Dammam,Yahia,Lulu,Toys,3166.7708,8558.84
1205,8/9/2005,Abha,Ghalia,Lulu,Food,4070.6401,6899.39
1206,3/28/2006,Dammam,Maliha,Othaim,Home,1539.5333,3580.31
1207,3/13/2005,Riyadh,Yahia,Panda,Food,1126.1528,2618.96
1208,10/2/2004,Jubail,Ghalia,Lulu,Home,7266.9135,7772.1
1209,9/20/2005,Jeddah,Mjeed,Othaim,Toys,1458.1886,1559.56
1210,2/11/2006,Jubail,Mjeed,Lulu,Toys,4972.22,9040.4
1211,2/6/2006,Jubail,Ghalia,Panda,Food,3446.4242,8014.94
1212,9/10/2004,Hail,Abdul,Carrefour,Toys,2996.1375,3994.85
1213,10/3/2004,Riyadh,Yahia,Othaim,Office,387.571,656.9
1214,6/13/2005,Abha,Mjeed,Othaim,Office,5643.7453,9565.67
1215,7/1/2005,Hail,Abdul,Lulu,Food,2807.01,6237.8
1216,8/10/2004,Jeddah,Maliha,Lulu,Food,169.1525,307.55
1217,4/22/2005,Jeddah,Mjeed,Panda,Food,275.6992,405.44
1218,10/6/2005,Abha,Abdul,Lulu,Food,5754.39205,6154.43
1219,9/23/2004,Abha,Abdul,Panda,Food,3280.3524,5655.78
1220,10/30/2005,Dammam,Abdul,Panda,Toys,4456.604,7683.8
1221,4/5/2006,Jubail,Ghalia,Carrefour,Food,5043.5935,9170.17
1222,12/9/2005,Riyadh,Maliha,Othaim,Food,6544.0144,7436.38
1223,6/24/2004,Dammam,Yahia,Othaim,Toys,2079.8685,4621.93
1224,4/5/2006,Jubail,Ghalia,Panda,Toys,1451.0068,3921.64
1225,1/19/2006,Hail,Mjeed,Carrefour,Home,1247.7436,3372.28
1226,8/28/2004,Abha,Yahia,Carrefour,Office,964.1448,1417.86
1227,2/26/2005,Dammam,Abdul,Carrefour,Toys,1410.75605,1508.83
1228,5/10/2006,Jeddah,Mjeed,Lulu,Home,637.4471,1722.83
1229,5/13/2005,Dammam,Yahia,Lulu,Office,4431.1188,7639.86
1230,8/6/2005,Jeddah,Maliha,Panda,Food,540.8094,932.43
1231,6/14/2006,Hail,Ghalia,Carrefour,Home,2315.434,3405.05
1232,10/9/2004,Riyadh,Ghalia,Lulu,Home,1935.6095,3519.29
1233,11/24/2004,Dammam,Ghalia,Lulu,Office,2266.0715,4120.13
1234,3/25/2006,Jeddah,Yahia,Lulu,Toys,1044.978,1899.96
1235,9/10/2004,Abha,Mjeed,Panda,Toys,6481.875,8642.5
1236,9/29/2004,Riyadh,Ghalia,Lulu,Office,4854.4028,8369.66
1237,4/5/2005,Hail,Abdul,Carrefour,Food,789.0696,896.67
1238,12/4/2005,Hail,Ghalia,Othaim,Food,5053.60955,5404.93
1239,2/23/2006,Riyadh,Maliha,Panda,Food,3682.6288,6349.36
1240,2/17/2006,Jeddah,Ghalia,Lulu,Office,2865.1244,6663.08
1241,11/14/2005,Hail,Mjeed,Othaim,Home,4520.3884,6647.63
1242,8/17/2005,Riyadh,Yahia,Panda,Toys,3738.969,8308.82
1243,10/31/2004,Jubail,Abdul,Carrefour,Office,7841.6448,8910.96
1244,4/23/2006,Abha,Mjeed,Panda,Toys,1673.6358,4523.34
1245,7/13/2005,Abha,Maliha,Lulu,Office,6877.98,9170.64
1246,5/19/2005,Riyadh,Yahia,Panda,Food,348.732,774.96
1247,7/19/2004,Abha,Maliha,Panda,Office,826.727,1503.14
1248,5/18/2006,Riyadh,Abdul,Panda,Toys,406.2465,738.63
1249,5/22/2006,Jeddah,Ghalia,Carrefour,Office,3963.807,8808.46
1250,4/25/2005,Hail,Yahia,Carrefour,Office,3392.0645,6167.39
1251,12/15/2004,Dammam,Mjeed,Othaim,Food,6418.87785,6865.11
1252,5/10/2005,Abha,Maliha,Lulu,Home,2553.4272,3755.04
1253,11/19/2004,Dammam,Abdul,Lulu,Home,4507.06465,4820.39
1254,12/17/2005,Riyadh,Maliha,Panda,Office,3823.4242,6480.38
1255,1/25/2005,Hail,Yahia,Panda,Food,3148.5256,3577.87
1256,1/27/2006,Jeddah,Ghalia,Panda,Home,6011.98455,6429.93
1257,7/8/2004,Jubail,Abdul,Lulu,Home,1676.6288,1905.26
1258,4/4/2006,Dammam,Yahia,Lulu,Office,1961.4825,2615.31
1259,12/27/2005,Hail,Abdul,Carrefour,Office,2325.6495,5168.11
1260,3/15/2005,Dammam,Yahia,Lulu,Food,1115.884,1268.05
1261,12/20/2005,Jeddah,Mjeed,Lulu,Home,608.6636,1049.42
1262,10/7/2005,Dammam,Yahia,Othaim,Toys,3464.637,6299.34
1263,7/19/2004,Jeddah,Mjeed,Othaim,Home,1832.0503,3105.17
1264,1/13/2005,Jeddah,Maliha,Carrefour,Home,2235.21,2980.28
1265,8/30/2004,Dammam,Ghalia,Carrefour,Toys,3131.6126,7282.82
1266,6/4/2005,Jubail,Mjeed,Panda,Food,7251.8688,8240.76
1267,12/29/2005,Jubail,Mjeed,Lulu,Food,3132.6833,7285.31
1268,10/8/2005,Jeddah,Mjeed,Carrefour,Toys,2840.8854,4815.06
1269,11/27/2004,Jubail,Abdul,Carrefour,Office,4085.2581,4369.26
1270,10/30/2004,Abha,Maliha,Othaim,Office,4481.1405,9958.09
1271,6/12/2006,Jubail,Ghalia,Carrefour,Food,2964.478,5389.96
1272,2/25/2005,Abha,Mjeed,Panda,Food,4688.1922,8083.09
1273,5/15/2005,Riyadh,Abdul,Panda,Office,2720.7565,2909.9
1274,6/28/2005,Hail,Ghalia,Carrefour,Office,351.8182,950.86
1275,6/10/2005,Hail,Yahia,Panda,Toys,1619.6175,2159.49
1276,2/24/2006,Hail,Mjeed,Lulu,Food,5772.34405,6173.63
1277,11/10/2004,Abha,Mjeed,Lulu,Food,3426.731,6230.42
1278,8/22/2004,Jubail,Mjeed,Lulu,Toys,3605.8735,6111.65
1279,11/25/2004,Abha,Yahia,Carrefour,Toys,1332.1132,1958.99
1280,9/2/2004,Abha,Abdul,Lulu,Home,3978.6256,5850.92
1281,11/7/2005,Abha,Mjeed,Lulu,Toys,5664.72555,6058.53
1282,8/25/2004,Dammam,Abdul,Panda,Food,666.7448,1149.56
1283,5/9/2005,Jubail,Ghalia,Lulu,Home,1059.3137,2863.01
1284,10/15/2005,Dammam,Abdul,Othaim,Home,1227.16,1394.5
1285,3/26/2005,Jeddah,Yahia,Panda,Office,720.078,1674.6
1286,1/5/2006,Abha,Yahia,Othaim,Food,5672.0122,9613.58
1287,1/4/2006,Jubail,Maliha,Othaim,Office,3082.1712,7167.84
1288,11/23/2004,Abha,Yahia,Lulu,Office,4699.112,5339.9
1289,5/27/2006,Dammam,Maliha,Othaim,Food,5422.665,7230.22
1290,3/17/2006,Jubail,Abdul,Carrefour,Toys,6362.74045,6805.07
1291,12/5/2005,Jeddah,Abdul,Panda,Food,1323.1163,2242.57
1292,5/26/2006,Jeddah,Abdul,Lulu,Food,194.821,354.22
1293,10/13/2005,Dammam,Ghalia,Carrefour,Toys,2704.592,3073.4
1294,3/29/2005,Hail,Abdul,Panda,Office,4345.0932,7491.54
1295,3/25/2005,Dammam,Mjeed,Othaim,Office,2360.19,3146.92
1296,2/13/2006,Riyadh,Abdul,Lulu,Office,6647.9775,8863.97
1297,3/14/2006,Riyadh,Yahia,Othaim,Toys,1804.01705,1929.43
1298,7/26/2005,Dammam,Yahia,Lulu,Home,749.505,1292.25
1299,3/30/2006,Jeddah,Abdul,Panda,Toys,3133.125,6962.5
1300,7/22/2005,Riyadh,Mjeed,Othaim,Office,3982.4149,9261.43
1301,10/9/2004,Riyadh,Maliha,Othaim,Toys,3347.667,7439.26
1302,1/20/2006,Hail,Yahia,Panda,Home,5095.41,6793.88
1303,1/2/2005,Riyadh,Maliha,Carrefour,Toys,4158.195,5544.26
1304,12/24/2004,Jubail,Yahia,Lulu,Food,322.3756,555.82
1305,4/14/2006,Jeddah,Maliha,Lulu,Home,189.83305,203.03
1306,5/10/2006,Abha,Yahia,Carrefour,Home,4030.73,7328.6
1307,9/9/2004,Abha,Abdul,Panda,Food,9317.9669,9965.74
1308,5/4/2006,Jubail,Abdul,Carrefour,Food,7980.08475,8534.85
1309,7/2/2004,Riyadh,Maliha,Carrefour,Food,836.176,1520.32
1310,12/5/2005,Abha,Mjeed,Panda,Office,851.6216,2301.68
1311,9/11/2005,Abha,Ghalia,Lulu,Toys,2715.5426,4681.97
1312,4/15/2006,Riyadh,Mjeed,Othaim,Toys,1935.9611,3281.29
1313,12/12/2005,Riyadh,Maliha,Othaim,Toys,2004.9227,5418.71
1314,2/20/2006,Jeddah,Abdul,Othaim,Home,2350.134,5222.52
1315,4/15/2005,Jubail,Mjeed,Panda,Toys,1336.2525,2969.45
1316,6/21/2004,Abha,Abdul,Othaim,Toys,8555.8484,9150.64
1317,8/15/2004,Riyadh,Ghalia,Panda,Food,3778.8529,8788.03
1318,6/17/2004,Riyadh,Abdul,Lulu,Home,4919.6028,7234.71
1319,5/13/2005,Jubail,Yahia,Panda,Toys,5089.4167,8626.13
1320,5/4/2005,Abha,Maliha,Lulu,Home,6407.7148,9423.11
1321,8/9/2004,Abha,Abdul,Carrefour,Home,1370.5505,2491.91
1322,7/28/2004,Dammam,Maliha,Carrefour,Office,3856.1411,8967.77
1323,9/24/2004,Jubail,Ghalia,Panda,Home,6159.0388,9057.41
1324,9/20/2004,Dammam,Abdul,Panda,Toys,6055.1832,6880.89
1325,10/23/2005,Jubail,Maliha,Panda,Office,1978.9616,2248.82
1326,8/5/2005,Jubail,Abdul,Othaim,Food,1635.0224,1857.98
1327,5/17/2005,Dammam,Ghalia,Panda,Home,2952.6008,4342.06
1328,11/30/2005,Dammam,Abdul,Lulu,Toys,1279.4209,2168.51
1329,11/3/2005,Jeddah,Ghalia,Lulu,Office,3695.052,5433.9
1330,4/24/2005,Riyadh,Abdul,Othaim,Home,2237.2564,3791.96
1331,7/7/2005,Jeddah,Mjeed,Panda,Office,3014.3905,5480.71
1332,11/21/2004,Dammam,Mjeed,Panda,Toys,7479.7888,8499.76
1333,5/28/2005,Jeddah,Yahia,Lulu,Food,6919.748,7863.35
1334,3/12/2005,Abha,Ghalia,Othaim,Toys,4562.5635,8295.57
1335,7/10/2005,Riyadh,Abdul,Carrefour,Office,310.1099,525.61
1336,10/10/2005,Jubail,Ghalia,Othaim,Office,3688.4848,4191.46
1337,5/30/2006,Riyadh,Abdul,Carrefour,Home,1138.0952,1293.29
1338,5/30/2006,Jubail,Mjeed,Othaim,Home,4190.1288,4761.51
1339,9/28/2005,Abha,Mjeed,Carrefour,Office,1013.1176,1151.27
1340,3/1/2006,Hail,Mjeed,Carrefour,Office,4976.1312,7317.84
1341,9/11/2005,Jubail,Yahia,Carrefour,Food,5649.9024,8308.68
1342,9/25/2005,Dammam,Mjeed,Panda,Food,3753.7632,4265.64
1343,4/1/2006,Jubail,Abdul,Lulu,Food,1908.765,4241.7
1344,1/6/2006,Hail,Yahia,Lulu,Home,6567.72,8756.96
1345,10/16/2005,Jeddah,Maliha,Carrefour,Toys,5137.5224,7555.18
1346,12/19/2004,Riyadh,Abdul,Othaim,Food,3906.0225,8680.05
1347,3/1/2006,Jubail,Ghalia,Lulu,Food,1885.707,4190.46
1348,6/8/2006,Jubail,Abdul,Othaim,Toys,4295.7172,9990.04
1349,10/4/2004,Hail,Yahia,Carrefour,Office,3946.725,5262.3
1350,10/8/2005,Jeddah,Ghalia,Carrefour,Food,1035.8505,2301.89
1351,10/3/2004,Jubail,Maliha,Carrefour,Food,939.9628,2185.96
1352,12/14/2004,Jubail,Ghalia,Othaim,Food,2230.9245,4957.61
1353,5/7/2006,Jeddah,Yahia,Lulu,Food,2018.03855,2158.33
1354,8/27/2004,Hail,Yahia,Lulu,Home,4832.685,8786.7
1355,3/19/2006,Riyadh,Mjeed,Othaim,Home,3434.025,4578.7
1356,6/8/2006,Dammam,Mjeed,Carrefour,Toys,4651.7016,7884.24
1357,2/6/2006,Hail,Maliha,Panda,Food,4349.0475,9664.55
1358,7/28/2005,Hail,Mjeed,Othaim,Office,2898.1957,6739.99
1359,11/3/2005,Riyadh,Maliha,Lulu,Food,785.95,1429
1360,10/13/2004,Riyadh,Maliha,Othaim,Office,1801.0616,2648.62
1361,10/24/2004,Hail,Abdul,Panda,Food,5011.1716,7369.37
1362,12/7/2004,Jeddah,Mjeed,Othaim,Toys,2845.9004,4823.56
1363,2/16/2005,Jubail,Abdul,Carrefour,Office,6575.61,8767.48
1364,5/16/2006,Jeddah,Maliha,Carrefour,Toys,272.133,604.74
1365,12/30/2004,Dammam,Ghalia,Othaim,Toys,1309.4025,1745.87
1366,6/19/2005,Riyadh,Yahia,Othaim,Office,3281.5376,3729.02
1367,5/17/2006,Dammam,Maliha,Lulu,Toys,5365.173,9754.86
1368,2/18/2006,Jeddah,Yahia,Lulu,Office,6112.90845,6537.87
1369,1/13/2006,Hail,Abdul,Panda,Office,5389.2784,6124.18
1370,10/10/2005,Jubail,Yahia,Othaim,Office,4141.4074,9631.18
1371,2/9/2006,Abha,Maliha,Othaim,Home,2711.133,6024.74
1372,1/9/2006,Hail,Yahia,Carrefour,Food,8206.4202,8776.92
1373,10/3/2005,Dammam,Abdul,Carrefour,Food,1461.2336,3949.28
1374,10/26/2005,Abha,Ghalia,Panda,Office,1691.9725,2867.75
1375,3/23/2005,Jeddah,Maliha,Othaim,Toys,1264.9718,2144.02
1376,5/1/2005,Dammam,Abdul,Carrefour,Toys,2952.3648,3354.96
1377,1/28/2005,Jeddah,Mjeed,Carrefour,Office,510.9525,681.27
1378,6/24/2004,Jeddah,Abdul,Lulu,Food,379.566,690.12
1379,6/26/2005,Abha,Abdul,Othaim,Food,6849.3216,7783.32
1380,3/17/2006,Abha,Mjeed,Panda,Food,3308.4068,8941.64
1381,4/26/2006,Hail,Maliha,Othaim,Home,317.2712,737.84
1382,11/2/2005,Jeddah,Maliha,Lulu,Office,8071.50905,8632.63
1383,5/11/2005,Jeddah,Abdul,Othaim,Office,6236.3576,7086.77
1384,8/28/2004,Jeddah,Yahia,Lulu,Office,3543.2532,9576.36
1385,12/23/2005,Hail,Abdul,Carrefour,Food,7134.1248,8106.96
1386,12/28/2005,Jeddah,Maliha,Lulu,Office,2215.5341,5987.93
1387,5/24/2005,Riyadh,Yahia,Othaim,Food,6515.34,8687.12
1388,1/2/2005,Dammam,Maliha,Panda,Office,5238.734,9032.3
1389,4/20/2005,Dammam,Ghalia,Carrefour,Toys,5392.365,7189.82
1390,1/11/2005,Abha,Maliha,Carrefour,Toys,351.131,638.42
1391,1/30/2006,Dammam,Ghalia,Panda,Toys,1418.9642,2446.49
1392,10/10/2004,Dammam,Abdul,Othaim,Home,434.6144,493.88
1393,9/21/2004,Jubail,Ghalia,Othaim,Food,5774.1146,9955.37
1394,9/10/2005,Hail,Abdul,Carrefour,Office,1625.3027,4392.71
1395,5/5/2005,Riyadh,Yahia,Panda,Home,742.9755,1727.85
1396,4/30/2005,Jubail,Maliha,Panda,Toys,2624.6504,4448.56
1397,4/21/2006,Dammam,Mjeed,Othaim,Home,3122.1256,3547.87
1398,9/10/2004,Abha,Abdul,Panda,Food,2852.3448,7709.04
1399,6/6/2005,Dammam,Abdul,Panda,Food,989.7019,2674.87
1400,11/30/2005,Riyadh,Yahia,Panda,Home,218.4443,508.01
1401,6/14/2006,Jubail,Maliha,Lulu,Office,2553.2776,3754.82
1402,9/28/2005,Hail,Yahia,Lulu,Office,5666.4434,9769.73
1403,10/3/2005,Abha,Mjeed,Carrefour,Toys,3840.1176,4363.77
1404,7/31/2004,Abha,Yahia,Othaim,Toys,2830.6725,4797.75
1405,8/7/2005,Hail,Maliha,Lulu,Food,6549.87135,7005.21
1406,4/27/2006,Dammam,Maliha,Panda,Toys,1186.6409,2759.63
1407,4/24/2005,Jeddah,Ghalia,Panda,Home,2100.7988,3089.41
1408,3/6/2006,Jeddah,Ghalia,Carrefour,Toys,4512.3936,5127.72
1409,12/8/2004,Jubail,Yahia,Lulu,Home,975.5484,1681.98
1410,3/2/2005,Hail,Ghalia,Panda,Food,4427.3895,7504.05
1411,12/23/2005,Abha,Ghalia,Lulu,Home,4489.32,5985.76
1412,7/26/2005,Jubail,Maliha,Carrefour,Food,944.0472,1600.08
1413,11/12/2004,Hail,Mjeed,Panda,Home,3504.6548,8150.36
1414,10/12/2005,Jubail,Maliha,Carrefour,Food,1077.804,2395.12
1415,6/24/2004,Abha,Yahia,Panda,Food,2729.8489,7377.97
1416,4/26/2005,Abha,Ghalia,Othaim,Office,1101.8475,1469.13
1417,11/17/2005,Riyadh,Ghalia,Lulu,Toys,4996.3206,8468.34
1418,12/16/2004,Jeddah,Abdul,Lulu,Food,1232.265,1643.02
1419,1/3/2006,Dammam,Mjeed,Panda,Home,3072.9336,3286.56
1420,9/8/2005,Jubail,Yahia,Carrefour,Toys,4463.1966,7564.74
1421,2/16/2005,Jubail,Mjeed,Othaim,Home,2235.2264,2540.03
1422,3/5/2006,Dammam,Ghalia,Othaim,Home,1200.8757,3245.61
1423,10/7/2004,Dammam,Maliha,Lulu,Food,2251.4272,2558.44
1424,6/15/2006,Abha,Maliha,Othaim,Food,736.252,836.65
1425,10/21/2005,Jeddah,Ghalia,Panda,Food,779.9275,1418.05
1426,11/9/2004,Jubail,Abdul,Panda,Office,3704.655,4939.54
1427,4/4/2006,Dammam,Yahia,Carrefour,Toys,5554.4544,6311.88
1428,4/7/2006,Riyadh,Abdul,Othaim,Food,712.9265,1296.23
1429,7/27/2005,Riyadh,Ghalia,Panda,Food,5352.9696,6082.92
1430,2/11/2005,Jeddah,Yahia,Carrefour,Office,3639.015,4852.02
1431,8/9/2005,Riyadh,Mjeed,Othaim,Office,1327.1234,3586.82
1432,4/3/2006,Dammam,Abdul,Panda,Toys,3714.31555,3972.53
1433,5/1/2006,Jeddah,Mjeed,Carrefour,Food,5990.4975,7987.33
1434,7/20/2004,Dammam,Yahia,Othaim,Food,4411.0878,7476.42
1435,8/26/2004,Dammam,Mjeed,Othaim,Home,3879.2589,4148.94
1436,9/17/2004,Jeddah,Yahia,Carrefour,Home,2852.168,5185.76
1437,2/17/2005,Riyadh,Yahia,Othaim,Home,729.1381,1695.67
1438,1/22/2006,Jubail,Maliha,Carrefour,Home,1334.4362,3103.34
1439,5/4/2005,Riyadh,Ghalia,Othaim,Office,2339.48,2658.5
1440,10/2/2005,Hail,Mjeed,Panda,Office,7832.0792,8900.09
1441,5/18/2006,Jubail,Abdul,Lulu,Office,3731.094,8291.32
1442,10/24/2005,Riyadh,Ghalia,Othaim,Office,8350.1297,8930.62
1443,8/20/2005,Riyadh,Maliha,Othaim,Office,4020.2932,6931.54
1444,1/5/2005,Jubail,Yahia,Othaim,Toys,135.3105,300.69
1445,3/12/2006,Abha,Abdul,Carrefour,Food,411.5214,1112.22
1446,1/25/2006,Riyadh,Ghalia,Othaim,Food,1457.852,2143.9
1447,3/30/2005,Abha,Maliha,Lulu,Office,3730.502,6431.9
1448,12/7/2005,Hail,Abdul,Carrefour,Office,4050.9999,9420.93
1449,8/23/2004,Jubail,Ghalia,Carrefour,Home,782.5905,1739.09
1450,11/16/2004,Jeddah,Yahia,Panda,Toys,2953.2216,7981.68
1451,4/29/2006,Riyadh,Ghalia,Carrefour,Home,3196.6178,5511.41
1452,1/12/2005,Jubail,Mjeed,Othaim,Toys,6619.97,9735.25
1453,10/28/2005,Jubail,Mjeed,Panda,Office,4705.0725,6273.43
1454,9/26/2004,Hail,Yahia,Othaim,Food,3621.1504,8421.28
1455,3/28/2005,Dammam,Yahia,Lulu,Food,374.3919,1011.87
1456,5/17/2006,Dammam,Maliha,Panda,Toys,2764.396,4766.2
1457,3/6/2006,Abha,Ghalia,Panda,Home,2356.684,4284.88
1458,2/17/2005,Riyadh,Abdul,Panda,Toys,2045.5123,3466.97
1459,7/28/2004,Riyadh,Mjeed,Carrefour,Food,4020.66,8934.8
1460,7/6/2005,Riyadh,Mjeed,Carrefour,Food,8.9385,15.15
1461,2/18/2005,Jubail,Ghalia,Lulu,Office,2549.8845,5666.41
1462,4/8/2005,Hail,Yahia,Othaim,Food,3466.278,7702.84
1463,6/21/2005,Jubail,Ghalia,Panda,Food,3237.6377,7529.39
1464,12/20/2004,Jeddah,Yahia,Carrefour,Home,5876.5947,9960.33
1465,9/6/2004,Jeddah,Yahia,Othaim,Toys,3980.1696,4522.92
1466,5/19/2006,Riyadh,Yahia,Othaim,Home,1798.3016,3100.52
1467,3/18/2005,Riyadh,Yahia,Othaim,Office,249.3832,366.74
1468,3/7/2005,Hail,Maliha,Panda,Food,4769.9258,8224.01
1469,9/22/2005,Riyadh,Maliha,Lulu,Toys,7160.4984,8136.93
1470,6/3/2005,Jubail,Abdul,Panda,Toys,6306.4725,8408.63
1471,10/16/2004,Dammam,Abdul,Panda,Food,4250.1646,7327.87
1472,12/19/2005,Hail,Mjeed,Lulu,Food,1081.3165,1966.03
1473,12/27/2004,Riyadh,Maliha,Carrefour,Food,3396.2485,9179.05
1474,5/5/2005,Dammam,Ghalia,Lulu,Food,5754.9367,9754.13
1475,1/7/2005,Jubail,Maliha,Othaim,Home,3894.4307,6600.73
1476,5/1/2006,Riyadh,Maliha,Panda,Food,6605.4975,8807.33
1477,11/28/2005,Riyadh,Maliha,Lulu,Home,150.7385,274.07
1478,4/30/2005,Jeddah,Maliha,Carrefour,Home,5032.5627,5382.42
1479,8/28/2004,Abha,Yahia,Carrefour,Food,7898.9152,8976.04
1480,12/12/2005,Jeddah,Yahia,Othaim,Home,92.276,135.7
1481,11/19/2004,Riyadh,Maliha,Othaim,Food,1795.573,4852.9
1482,4/29/2005,Dammam,Ghalia,Othaim,Office,2646.4608,6154.56
1483,7/4/2005,Riyadh,Yahia,Lulu,Office,3442.4258,5834.62
1484,6/17/2004,Hail,Yahia,Othaim,Toys,998.0263,1691.57
1485,12/22/2004,Dammam,Ghalia,Panda,Office,3799.3032,4317.39
1486,1/4/2006,Dammam,Ghalia,Lulu,Home,4158.1725,5544.23
1487,6/1/2005,Dammam,Yahia,Lulu,Home,1205.9256,1773.42
1488,3/9/2005,Abha,Abdul,Carrefour,Office,7634.90145,8165.67
1489,5/27/2006,Jeddah,Yahia,Panda,Toys,2289.254,4162.28
1490,3/31/2005,Jeddah,Yahia,Othaim,Home,2944.1,4990
1491,1/22/2005,Hail,Maliha,Carrefour,Home,2132.93135,2281.21
1492,3/10/2006,Dammam,Yahia,Lulu,Toys,4378.3432,4682.72
1493,4/7/2005,Jeddah,Ghalia,Lulu,Toys,865.9935,1924.43
1494,1/8/2006,Abha,Yahia,Lulu,Food,2173.2178,3683.42
1495,1/29/2005,Riyadh,Yahia,Othaim,Office,969.0351,2253.57
1496,9/1/2005,Dammam,Ghalia,Lulu,Office,2968.8808,5118.76
1497,9/10/2004,Hail,Ghalia,Carrefour,Food,1017.92515,1088.69
1498,9/24/2004,Abha,Mjeed,Othaim,Food,756.888,860.1
1499,10/30/2004,Jeddah,Abdul,Carrefour,Toys,5628.1752,9539.28
1500,1/9/2006,Dammam,Ghalia,Othaim,Office,725.5525,1229.75
1501,11/10/2004,Abha,Ghalia,Panda,Home,335.8816,781.12
1502,7/27/2004,Abha,Maliha,Carrefour,Office,245.5024,663.52
1503,8/25/2005,Jubail,Ghalia,Panda,Toys,8240.276,9363.95
1504,11/6/2005,Dammam,Maliha,Othaim,Food,3919.146,5763.45
1505,12/27/2005,Jubail,Mjeed,Lulu,Office,1270.9278,3434.94
1506,1/19/2006,Hail,Yahia,Panda,Toys,3345.5524,4919.93
1507,8/28/2004,Abha,Yahia,Othaim,Food,2021.745,2695.66
1508,5/16/2005,Hail,Yahia,Othaim,Home,3632.2319,3884.74
1509,9/1/2005,Jeddah,Abdul,Lulu,Food,747.4651,1266.89
1510,6/7/2006,Abha,Abdul,Panda,Office,6353.3624,9343.18
1511,3/3/2006,Abha,Yahia,Panda,Home,5971.785,7962.38
1512,11/13/2005,Abha,Maliha,Carrefour,Food,176.1866,303.77
1513,7/29/2005,Abha,Maliha,Othaim,Home,966.493,1757.26
1514,3/2/2006,Jeddah,Maliha,Carrefour,Toys,3827.0385,8504.53
1515,12/21/2004,Riyadh,Ghalia,Othaim,Office,1246.3055,2266.01
1516,5/3/2005,Abha,Mjeed,Carrefour,Food,531.59,781.75
1517,8/3/2004,Jeddah,Mjeed,Carrefour,Home,8930.00735,9550.81
1518,6/2/2005,Dammam,Mjeed,Carrefour,Food,6662.5244,9797.83
1519,12/4/2005,Riyadh,Ghalia,Lulu,Office,2348.5953,3980.67
1520,10/7/2004,Abha,Ghalia,Panda,Office,5417.6814,9340.83
1521,3/25/2005,Hail,Yahia,Lulu,Office,3382.694,4974.55
1522,2/10/2006,Abha,Maliha,Othaim,Food,1022.85,2273
1523,1/23/2005,Jeddah,Mjeed,Lulu,Home,3702.879,8228.62
1524,12/29/2005,Riyadh,Ghalia,Lulu,Food,3249.645,4332.86
1525,10/24/2005,Dammam,Mjeed,Lulu,Food,7137.555,9516.74
1526,5/19/2006,Jeddah,Abdul,Othaim,Food,1530.5445,3401.21
1527,7/6/2005,Jeddah,Yahia,Carrefour,Food,8824.3991,9437.86
1528,12/20/2005,Hail,Abdul,Carrefour,Food,2696.922,5993.16
1529,8/13/2004,Dammam,Abdul,Lulu,Home,1054.7642,2452.94
1530,8/13/2005,Jubail,Maliha,Carrefour,Food,2645.064,5877.92
1531,9/6/2004,Jeddah,Yahia,Panda,Toys,5481.7664,6229.28
1532,8/29/2004,Abha,Yahia,Carrefour,Toys,1775.8355,4129.85
1533,7/20/2005,Hail,Mjeed,Othaim,Toys,2051.0527,4769.89
1534,9/9/2005,Riyadh,Yahia,Lulu,Food,6992.6384,7946.18
1535,2/20/2006,Jeddah,Mjeed,Othaim,Office,2423.79,5386.2
1536,7/8/2004,Jubail,Mjeed,Carrefour,Food,3734.64,4979.52
1537,5/12/2005,Dammam,Ghalia,Carrefour,Food,4937.5344,7261.08
1538,7/4/2004,Abha,Maliha,Othaim,Toys,8787.6272,9985.94
1539,3/8/2006,Dammam,Mjeed,Carrefour,Toys,975.7385,1774.07
1540,1/28/2005,Hail,Yahia,Carrefour,Home,4035.8836,6958.42
1541,4/22/2005,Riyadh,Abdul,Lulu,Food,3210.6595,7466.65
1542,3/12/2006,Riyadh,Maliha,Lulu,Office,3499.5866,6033.77
1543,5/2/2005,Jubail,Yahia,Carrefour,Food,1628.9805,4402.65
1544,1/24/2006,Jubail,Yahia,Panda,Office,1149.089,2672.3
1545,2/16/2005,Dammam,Abdul,Othaim,Toys,1982.4816,2252.82
1546,3/11/2005,Hail,Mjeed,Lulu,Food,2597.269,4478.05
1547,6/27/2004,Dammam,Ghalia,Othaim,Food,3785.4964,8803.48
1548,9/26/2005,Dammam,Yahia,Panda,Home,5590.275,7453.7
1549,6/23/2004,Jeddah,Yahia,Othaim,Food,1197.63215,1280.89
1550,5/14/2006,Jeddah,Mjeed,Panda,Office,692.4675,923.29
1551,3/6/2006,Jeddah,Mjeed,Othaim,Office,7657.3321,8189.66
1552,7/8/2005,Abha,Yahia,Othaim,Food,365.057,663.74
1553,2/10/2006,Abha,Mjeed,Othaim,Toys,521.6728,592.81
1554,7/8/2004,Abha,Maliha,Panda,Toys,3110.475,4147.3
1555,8/25/2005,Dammam,Abdul,Othaim,Office,274.968,611.04
1556,7/15/2005,Dammam,Ghalia,Panda,Home,2844.6792,3232.59
1557,8/3/2004,Jeddah,Maliha,Carrefour,Toys,1271.6325,2825.85
1558,8/12/2005,Jeddah,Abdul,Panda,Food,661.545,882.06
1559,8/25/2005,Hail,Maliha,Othaim,Home,2050.445,3535.25
1560,12/28/2005,Riyadh,Ghalia,Panda,Toys,1774.5371,3007.69
1561,2/1/2005,Jubail,Abdul,Lulu,Food,1760.20295,1882.57
1562,6/24/2005,Hail,Yahia,Lulu,Toys,555.7387,941.93
1563,5/18/2006,Hail,Mjeed,Carrefour,Food,8649.28295,9250.57
1564,1/19/2006,Jubail,Maliha,Panda,Office,913.6188,2469.24
1565,2/26/2005,Abha,Abdul,Othaim,Home,3176.73,4235.64
1566,12/24/2004,Dammam,Abdul,Lulu,Home,435.4008,1012.56
1567,6/2/2005,Jeddah,Maliha,Carrefour,Office,6767.9475,9023.93
1568,8/16/2005,Jubail,Mjeed,Carrefour,Food,4670.8316,6868.87
1569,6/30/2004,Jubail,Maliha,Carrefour,Office,2705.6095,4919.29
1570,8/27/2004,Riyadh,Maliha,Lulu,Food,1441.1399,2442.61
1571,1/11/2005,Jubail,Maliha,Lulu,Food,6171.495,8228.66
1572,2/2/2006,Jubail,Abdul,Carrefour,Toys,3025.76285,3236.11
1573,9/12/2005,Riyadh,Maliha,Lulu,Home,2381.247,4329.54
1574,3/16/2006,Jubail,Ghalia,Carrefour,Food,3494.4615,7765.47
1575,5/19/2006,Jubail,Abdul,Othaim,Food,1458.2425,2651.35
1576,1/17/2005,Jubail,Maliha,Othaim,Food,3119.0852,3335.92
1577,7/21/2004,Jeddah,Ghalia,Carrefour,Food,3119.5597,7254.79
1578,2/20/2006,Dammam,Ghalia,Othaim,Food,3507.3016,3985.57
1579,6/10/2005,Dammam,Mjeed,Othaim,Home,1411.174,3281.8
1580,6/25/2005,Dammam,Yahia,Panda,Food,3633.498,6606.36
1581,12/27/2004,Hail,Yahia,Carrefour,Toys,5832.4125,7776.55
1582,4/9/2006,Jubail,Ghalia,Lulu,Toys,1126.708,2048.56
1583,11/3/2005,Abha,Mjeed,Othaim,Toys,3516.601,6393.82
1584,6/5/2006,Dammam,Ghalia,Lulu,Home,1755.658,2581.85
1585,9/18/2004,Jubail,Yahia,Carrefour,Food,50.728,74.6
1586,3/26/2005,Jeddah,Ghalia,Carrefour,Toys,1857.305,3202.25
1587,7/22/2004,Jubail,Ghalia,Carrefour,Toys,649.5005,1180.91
1588,10/13/2005,Abha,Yahia,Panda,Office,2735.8984,7394.32
1589,2/4/2006,Abha,Mjeed,Panda,Home,3381.4929,9139.17
1590,3/18/2006,Riyadh,Maliha,Panda,Home,4003.0485,7278.27
1591,8/13/2004,Jubail,Ghalia,Othaim,Food,425.3024,733.28
1592,12/25/2004,Hail,Abdul,Panda,Food,2281.6309,6166.57
1593,12/13/2004,Jubail,Yahia,Panda,Toys,3371.7255,6130.41
1594,1/22/2005,Hail,Maliha,Panda,Toys,2033.1518,4728.26
1595,3/15/2005,Riyadh,Abdul,Carrefour,Office,6239.952,9176.4
1596,1/14/2005,Hail,Yahia,Carrefour,Toys,6993.4821,7479.66
1597,9/18/2005,Riyadh,Mjeed,Lulu,Home,447.8888,658.66
1598,12/16/2004,Dammam,Mjeed,Othaim,Food,2335.029,5430.3
1599,9/6/2005,Hail,Maliha,Carrefour,Office,4592.5725,6123.43
1600,9/18/2004,Jubail,Mjeed,Panda,Toys,5773.1677,9785.03
1601,3/25/2006,Riyadh,Mjeed,Panda,Food,4543.4642,4859.32
1602,3/2/2006,Riyadh,Yahia,Othaim,Food,2450.7608,3604.06
1603,9/24/2005,Dammam,Maliha,Lulu,Office,2727.3,3636.4
1604,7/24/2004,Dammam,Yahia,Panda,Office,3807.972,8462.16
1605,2/6/2005,Jubail,Yahia,Lulu,Home,2084.6947,5634.31
1606,1/25/2005,Hail,Mjeed,Lulu,Toys,5002.53,6670.04
1607,9/10/2005,Jeddah,Maliha,Panda,Home,4252.937,7332.65
1608,12/28/2005,Dammam,Ghalia,Carrefour,Office,3728.6643,6319.77
1609,10/23/2005,Hail,Maliha,Lulu,Home,6467.956,6917.6
1610,2/28/2006,Jeddah,Yahia,Carrefour,Food,206.6925,275.59
1611,2/14/2006,Abha,Abdul,Panda,Food,7539.5969,8063.74
1612,1/29/2005,Jeddah,Mjeed,Othaim,Toys,5142.9075,6857.21
1613,1/26/2006,Riyadh,Ghalia,Othaim,Toys,3501.0956,5148.67
1614,8/3/2004,Hail,Maliha,Panda,Toys,3972.4256,4514.12
1615,10/16/2004,Abha,Maliha,Panda,Toys,1135.3204,2640.28
1616,5/15/2005,Dammam,Ghalia,Othaim,Home,5428.2832,9200.48
1617,12/29/2004,Jeddah,Mjeed,Carrefour,Food,1776.5587,4801.51
1618,7/3/2004,Hail,Mjeed,Othaim,Food,1265.751,2812.78
1619,2/16/2005,Riyadh,Maliha,Lulu,Toys,4271.12,7364
1620,12/14/2005,Jubail,Ghalia,Panda,Home,2416.6485,5370.33
1621,10/1/2004,Jeddah,Yahia,Othaim,Toys,6615.39,8820.52
1622,9/8/2005,Hail,Abdul,Carrefour,Toys,1850.45,2721.25
1623,1/1/2005,Riyadh,Abdul,Panda,Office,1449.1455,2634.81
1624,8/19/2004,Abha,Yahia,Panda,Food,1427.2639,3857.47
1625,11/29/2004,Abha,Ghalia,Lulu,Home,2674.6057,4533.23
1626,10/18/2004,Riyadh,Yahia,Carrefour,Home,8929.9045,9550.7
1627,7/23/2004,Hail,Ghalia,Carrefour,Toys,4591.3902,7916.19
1628,9/17/2005,Riyadh,Maliha,Panda,Food,4906.845,6542.46
1629,12/21/2004,Dammam,Yahia,Othaim,Home,1749.0671,1870.66
1630,9/17/2004,Abha,Ghalia,Othaim,Home,913.6077,2469.21
1631,6/22/2005,Jeddah,Abdul,Panda,Toys,656.5756,1526.92
1632,4/16/2006,Hail,Abdul,Othaim,Home,6989.4616,7942.57
1633,9/26/2005,Riyadh,Yahia,Panda,Toys,1731.3522,2985.09
1634,9/1/2005,Hail,Yahia,Carrefour,Toys,1617.1848,1837.71
1635,11/20/2005,Riyadh,Abdul,Panda,Food,1950.3045,4334.01
1636,11/27/2005,Jeddah,Ghalia,Panda,Home,1173.8272,2023.84
1637,3/26/2005,Riyadh,Yahia,Othaim,Home,7341.375,9788.5
1638,8/26/2005,Hail,Abdul,Othaim,Toys,248.688,452.16
1639,6/27/2005,Jubail,Mjeed,Carrefour,Home,1647.2456,1761.76
1640,10/4/2005,Jeddah,Maliha,Lulu,Home,620.5803,1443.21
1641,2/10/2005,Abha,Ghalia,Panda,Home,4297.5232,9994.24
1642,10/27/2005,Jeddah,Mjeed,Panda,Food,6349.5872,7215.44
1643,4/4/2005,Jubail,Yahia,Othaim,Food,3918.3584,4452.68
1644,1/27/2006,Hail,Abdul,Othaim,Food,4128.825,5505.1
1645,4/1/2005,Dammam,Maliha,Othaim,Office,6032.3582,6451.72
1646,2/7/2005,Jeddah,Abdul,Othaim,Food,2178.4635,4841.03
1647,2/18/2005,Jubail,Abdul,Panda,Food,3065.0763,8283.99
1648,5/18/2006,Abha,Yahia,Panda,Food,4246.57365,4541.79
1649,11/22/2004,Jeddah,Maliha,Carrefour,Office,7012.77115,7500.29
1650,10/26/2004,Abha,Ghalia,Panda,Office,2137.2927,3622.53
1651,6/18/2005,Hail,Abdul,Lulu,Toys,2042.1115,3712.93
1652,3/4/2006,Hail,Yahia,Panda,Toys,361.3383,976.59
1653,11/27/2005,Jeddah,Abdul,Othaim,Toys,1483.9257,4010.61
1654,5/21/2006,Jeddah,Ghalia,Panda,Food,1658.331,3685.18
1655,11/22/2004,Riyadh,Yahia,Carrefour,Toys,4711.2296,5353.67
1656,12/18/2005,Riyadh,Ghalia,Lulu,Food,829.7996,1406.44
1657,12/7/2004,Dammam,Yahia,Carrefour,Office,3649.077,8109.06
1658,8/28/2005,Hail,Mjeed,Lulu,Food,5349.4444,7866.83
1659,7/17/2004,Jeddah,Yahia,Othaim,Office,5456.0014,9247.46
1660,12/15/2004,Riyadh,Yahia,Carrefour,Office,1838.2328,4274.96
1661,7/3/2004,Jubail,Yahia,Carrefour,Office,1160.9145,2579.81
1662,3/16/2005,Jeddah,Abdul,Lulu,Toys,4446.2055,4755.3
1663,8/5/2004,Riyadh,Maliha,Lulu,Office,3793.5288,8822.16
1664,3/3/2006,Riyadh,Mjeed,Lulu,Food,428.1212,738.14
1665,7/22/2004,Jubail,Yahia,Othaim,Office,3116.7432,7248.24
1666,11/16/2004,Riyadh,Abdul,Lulu,Toys,5399.017,9308.65
1667,4/29/2006,Jeddah,Mjeed,Carrefour,Home,3491.3835,6347.97
1668,9/19/2005,Jubail,Mjeed,Othaim,Office,1622.2909,4384.57
1669,8/10/2005,Abha,Maliha,Lulu,Home,2140.523,3891.86
1670,7/9/2005,Dammam,Maliha,Lulu,Home,3730.95855,3990.33
1671,8/20/2005,Jeddah,Mjeed,Lulu,Office,2368.0573,5507.11
1672,1/21/2006,Jeddah,Mjeed,Lulu,Home,7438.068,8452.35
1673,11/8/2005,Jubail,Abdul,Panda,Food,3336.155,5654.5
1674,8/23/2005,Riyadh,Mjeed,Lulu,Office,5301.917,8986.3
1675,12/4/2004,Hail,Ghalia,Othaim,Toys,1980.135,2640.18
1676,11/5/2005,Riyadh,Yahia,Lulu,Home,2510.1938,5837.66
1677,9/3/2005,Jeddah,Abdul,Othaim,Office,610.137,1355.86
1678,8/27/2005,Dammam,Ghalia,Panda,Home,5843.4508,6249.68
1679,9/13/2005,Jeddah,Maliha,Panda,Food,4882.3182,8417.79
1680,2/1/2005,Riyadh,Abdul,Panda,Toys,5841.0096,8589.72
1681,3/29/2006,Hail,Ghalia,Panda,Toys,4241.5408,6237.56
1682,9/17/2004,Jeddah,Maliha,Panda,Food,2680.1505,7243.65
1683,7/14/2005,Dammam,Abdul,Panda,Toys,2148.5971,3641.69
1684,4/14/2006,Jubail,Ghalia,Panda,Office,5082.0752,7473.64
1685,6/1/2005,Jeddah,Maliha,Othaim,Food,4504.0275,6005.37
1686,7/31/2004,Jeddah,Maliha,Othaim,Toys,798.1961,1856.27
1687,8/23/2005,Jubail,Yahia,Panda,Office,3775.9227,4038.42
1688,2/9/2005,Dammam,Mjeed,Lulu,Food,3654.0525,4872.07
1689,8/29/2004,Riyadh,Abdul,Othaim,Toys,3887.322,5716.65
1690,10/5/2004,Jeddah,Maliha,Othaim,Food,2580.172,6000.4
1691,3/19/2006,Jubail,Maliha,Othaim,Office,4976.2783,8434.37
1692,1/13/2005,Riyadh,Maliha,Othaim,Home,5046.5827,8553.53
1693,3/1/2006,Dammam,Ghalia,Panda,Home,1843.842,3352.44
1694,7/1/2005,Abha,Abdul,Lulu,Toys,2448.4097,2618.62
1695,3/20/2006,Jeddah,Maliha,Othaim,Toys,86.1591,200.37
1696,1/20/2006,Dammam,Ghalia,Panda,Home,2705.4448,4664.56
1697,1/17/2006,Jeddah,Ghalia,Othaim,Home,345.5158,585.62
1698,1/14/2005,Riyadh,Maliha,Othaim,Food,3241.4206,3466.76
1699,2/23/2005,Hail,Maliha,Othaim,Home,5808.6212,8542.09
1700,2/22/2005,Dammam,Mjeed,Othaim,Food,5712.8608,9849.76
1701,8/27/2004,Riyadh,Yahia,Othaim,Food,4356.9675,5809.29
1702,4/26/2005,Riyadh,Yahia,Lulu,Food,1136.673,2525.94
1703,6/7/2005,Abha,Mjeed,Othaim,Food,4687.9022,8082.59
1704,2/18/2005,Dammam,Ghalia,Carrefour,Toys,2924.2365,6800.55
1705,3/1/2006,Jeddah,Abdul,Carrefour,Home,4421.1945,7493.55
1706,8/9/2005,Jeddah,Abdul,Lulu,Home,3580.6875,4774.25
1707,9/25/2005,Jeddah,Yahia,Othaim,Toys,5781.8175,7709.09
1708,5/10/2006,Dammam,Abdul,Lulu,Office,3475.9285,6319.87
1709,2/28/2005,Dammam,Ghalia,Carrefour,Office,854.7615,1899.47
1710,1/15/2005,Dammam,Mjeed,Othaim,Office,2303.82,3071.76
1711,12/4/2004,Jeddah,Mjeed,Panda,Office,2970.6956,4368.67
1712,2/13/2006,Dammam,Yahia,Lulu,Toys,5856.6904,8612.78
1713,6/2/2006,Abha,Yahia,Carrefour,Toys,4304.3099,4603.54
1714,4/14/2006,Riyadh,Yahia,Panda,Home,5822.4976,9868.64
1715,7/23/2005,Dammam,Maliha,Othaim,Office,3913.0965,8695.77
1716,6/30/2004,Hail,Mjeed,Carrefour,Toys,1223.1178,2844.46
1717,7/25/2005,Abha,Maliha,Lulu,Food,1872.4112,2127.74
1718,5/15/2006,Jeddah,Mjeed,Panda,Home,1018.2511,2752.03
1719,3/8/2006,Dammam,Yahia,Carrefour,Home,218.2725,291.03
1720,6/17/2004,Abha,Ghalia,Lulu,Office,5838.15,7784.2
1721,5/13/2005,Riyadh,Mjeed,Carrefour,Office,1873.41,3406.2
1722,1/30/2005,Jeddah,Yahia,Othaim,Food,1615.2584,2375.38
1723,1/3/2005,Abha,Yahia,Othaim,Home,854.1265,2308.45
1724,5/30/2006,Jubail,Abdul,Othaim,Toys,5224.19095,5587.37
1725,9/30/2004,Dammam,Maliha,Othaim,Home,444.07,807.4
1726,7/23/2005,Jubail,Maliha,Lulu,Toys,5299.4576,7793.32
1727,7/8/2005,Jeddah,Yahia,Carrefour,Home,558.382,597.2
1728,4/10/2005,Jubail,Ghalia,Lulu,Office,2059.2947,3490.33
1729,11/4/2004,Dammam,Maliha,Carrefour,Home,1445.4115,2449.85
1730,4/30/2006,Hail,Maliha,Panda,Toys,730.4625,973.95
1731,3/5/2006,Hail,Ghalia,Lulu,Home,1032.2926,2789.98
1732,7/28/2005,Dammam,Yahia,Carrefour,Office,2875.125,5227.5
1733,5/23/2006,Dammam,Maliha,Panda,Food,6767.508,7690.35
1734,5/10/2006,Jeddah,Abdul,Panda,Toys,1855.4205,5014.65
1735,4/12/2005,Jeddah,Yahia,Carrefour,Office,2522.2897,5865.79
1736,4/14/2006,Hail,Mjeed,Lulu,Home,6416.83955,6862.93
1737,10/31/2004,Abha,Abdul,Panda,Home,3871.095,5161.46
1738,12/12/2005,Jubail,Maliha,Lulu,Food,1853.2218,3195.21
1739,3/24/2005,Jeddah,Ghalia,Othaim,Home,1831.1892,4949.16
1740,11/2/2005,Dammam,Maliha,Othaim,Food,1336.6155,2430.21
1741,5/1/2005,Riyadh,Ghalia,Panda,Food,3364.092,7475.76
1742,5/2/2006,Riyadh,Yahia,Carrefour,Home,1265.308,1437.85
1743,4/27/2005,Jubail,Maliha,Carrefour,Food,8079.5033,8641.18
1744,8/31/2005,Jubail,Abdul,Panda,Food,677.3124,1167.78
1745,12/13/2004,Jeddah,Yahia,Panda,Toys,8046.45105,8605.83
1746,11/20/2005,Hail,Mjeed,Lulu,Toys,4490.4888,6603.66
1747,2/20/2006,Dammam,Mjeed,Panda,Office,1279.0195,2325.49
1748,9/26/2004,Jeddah,Yahia,Othaim,Home,3590.7685,6528.67
1749,9/24/2004,Jeddah,Ghalia,Carrefour,Toys,2982.5345,5422.79
1750,4/29/2006,Jubail,Yahia,Panda,Toys,2714.3696,3991.72
1751,6/8/2005,Dammam,Maliha,Panda,Food,1030.26,1873.2
1752,6/8/2005,Jubail,Yahia,Lulu,Toys,2426.346,5391.88
1753,8/29/2005,Jeddah,Ghalia,Lulu,Office,1420.6288,2089.16
1754,7/4/2005,Riyadh,Yahia,Panda,Home,6603.42,8804.56
1755,11/10/2005,Dammam,Yahia,Lulu,Food,8311.6,9445
1756,5/1/2005,Riyadh,Mjeed,Othaim,Home,6820.56,9094.08
1757,1/26/2005,Hail,Maliha,Othaim,Food,2611.642,3840.65
1758,2/20/2006,Dammam,Abdul,Othaim,Food,5014.6275,6686.17
1759,8/5/2004,Riyadh,Yahia,Othaim,Office,4561.1984,5183.18
1760,2/19/2006,Dammam,Yahia,Othaim,Food,1530.2004,2593.56
1761,1/12/2006,Jeddah,Yahia,Lulu,Home,2809.5705,5108.31
1762,1/21/2005,Riyadh,Abdul,Lulu,Office,8615.6224,9790.48
1763,5/18/2006,Riyadh,Maliha,Panda,Home,3489.6525,4652.87
1764,3/1/2006,Jeddah,Ghalia,Othaim,Toys,3185.7074,8610.02
1765,3/22/2006,Riyadh,Maliha,Othaim,Food,4458.36985,4768.31
1766,1/8/2006,Jubail,Mjeed,Panda,Toys,4349.1008,4942.16
1767,4/25/2005,Dammam,Ghalia,Panda,Office,4662.3044,6856.33
1768,4/11/2006,Abha,Mjeed,Panda,Home,3267.6044,7599.08
1769,10/10/2004,Riyadh,Ghalia,Panda,Toys,6162.915,8217.22
1770,5/6/2005,Jubail,Yahia,Carrefour,Toys,3437.808,3676.8
1771,9/13/2005,Hail,Yahia,Lulu,Food,2244.34595,2400.37
1772,4/5/2006,Abha,Ghalia,Lulu,Office,714.6315,1588.07
1773,5/1/2005,Jeddah,Abdul,Lulu,Toys,3877.478,7049.96
1774,3/25/2005,Riyadh,Ghalia,Lulu,Office,1755.8224,3027.28
1775,6/10/2006,Riyadh,Maliha,Panda,Food,209.3046,360.87
1776,5/18/2005,Dammam,Mjeed,Lulu,Food,567.8816,607.36
1777,10/13/2004,Abha,Abdul,Lulu,Food,1108.80715,1185.89
1778,7/9/2004,Jeddah,Abdul,Othaim,Office,5626.65,7502.2
1779,8/24/2005,Jeddah,Maliha,Othaim,Home,531.6512,916.64
1780,6/7/2006,Jubail,Ghalia,Lulu,Toys,3401.7208,9193.84
1781,11/4/2004,Dammam,Abdul,Othaim,Food,5753.4898,9919.81
1782,6/18/2005,Riyadh,Yahia,Panda,Toys,1911.5412,2811.09
1783,3/6/2005,Hail,Abdul,Othaim,Office,2567.0925,5704.65
1784,12/11/2004,Abha,Abdul,Lulu,Toys,4424.61635,4732.21
1785,4/3/2005,Riyadh,Abdul,Lulu,Office,7959.1864,9044.53
1786,7/7/2005,Jubail,Maliha,Panda,Toys,1964.0377,5308.21
1787,6/28/2005,Jeddah,Abdul,Carrefour,Food,3354.5776,3812.02
1788,3/22/2005,Abha,Ghalia,Panda,Home,1371.7087,2324.93
1789,4/17/2006,Jubail,Ghalia,Othaim,Food,3781.3185,8402.93
1790,4/18/2005,Abha,Yahia,Othaim,Home,45.0065,81.83
1791,3/24/2006,Jubail,Mjeed,Othaim,Home,5628.87,8277.75
1792,6/14/2005,Jeddah,Maliha,Carrefour,Food,1378.2446,3205.22
1793,2/17/2005,Jeddah,Yahia,Othaim,Home,2036.936,3703.52
1794,10/30/2004,Riyadh,Yahia,Othaim,Toys,4304.003,7825.46
1795,5/3/2006,Abha,Maliha,Panda,Home,3904.155,5205.54
1796,11/18/2005,Hail,Ghalia,Panda,Office,1059.2836,1557.77
1797,11/13/2005,Abha,Mjeed,Othaim,Toys,4231.4635,7693.57
1798,5/13/2006,Jeddah,Maliha,Panda,Food,2076.525,4614.5
1799,11/21/2004,Dammam,Abdul,Carrefour,Office,2500.83,6759
1800,6/24/2004,Dammam,Abdul,Panda,Toys,1860.82765,1990.19
1801,8/29/2005,Hail,Ghalia,Othaim,Office,3739.0736,8695.52
1802,11/27/2004,Jeddah,Maliha,Carrefour,Food,2595.27015,2775.69
1803,11/27/2004,Riyadh,Maliha,Lulu,Toys,2003.94,4453.2
1804,10/1/2004,Jeddah,Mjeed,Lulu,Home,3017.9488,5203.36
1805,2/9/2005,Hail,Maliha,Othaim,Office,2890.395,3853.86
1806,3/19/2005,Dammam,Abdul,Lulu,Home,4351.8046,7375.94
1807,4/3/2005,Riyadh,Abdul,Lulu,Toys,1174.977,2611.06
1808,8/29/2004,Jeddah,Ghalia,Carrefour,Home,1451.1935,2459.65
1809,3/13/2005,Abha,Abdul,Carrefour,Food,3604.656,6553.92
1810,12/21/2004,Dammam,Abdul,Carrefour,Home,2432.7352,6574.96
1811,10/17/2005,Dammam,Maliha,Carrefour,Toys,5729.6325,7639.51
1812,11/10/2004,Dammam,Abdul,Panda,Office,243.903,443.46
1813,3/14/2005,Jubail,Yahia,Carrefour,Office,2282.182,3356.15
1814,2/10/2006,Riyadh,Abdul,Panda,Toys,2542.4395,5912.65
1815,12/17/2005,Riyadh,Maliha,Othaim,Home,8077.53045,8639.07
1816,8/3/2004,Hail,Mjeed,Othaim,Food,3758.9611,8741.77
1817,8/4/2005,Jubail,Mjeed,Panda,Home,2881.4257,6700.99
1818,12/29/2005,Dammam,Ghalia,Carrefour,Home,359.2636,619.42
1819,10/23/2004,Abha,Mjeed,Carrefour,Home,564.322,1026.04
1820,5/3/2006,Jubail,Maliha,Lulu,Food,4846.95585,5183.91
1821,7/24/2004,Jeddah,Maliha,Othaim,Toys,660.7575,881.01
1822,6/21/2005,Jeddah,Ghalia,Panda,Food,1874.012,2755.9
1823,6/17/2004,Riyadh,Abdul,Carrefour,Office,2181.24,4847.2
1824,11/14/2004,Riyadh,Maliha,Carrefour,Home,28.5383,48.37
1825,8/18/2004,Abha,Abdul,Carrefour,Food,2420.9618,6543.14
1826,10/31/2004,Hail,Abdul,Carrefour,Home,4549.0357,7710.23
1827,7/16/2005,Jubail,Ghalia,Lulu,Office,2287.7325,3050.31
1828,1/15/2006,Jubail,Abdul,Lulu,Office,78.9093,183.51
1829,10/11/2004,Riyadh,Mjeed,Lulu,Office,7307.29615,7815.29
1830,4/28/2005,Riyadh,Yahia,Lulu,Toys,2659.6846,4507.94
1831,6/20/2004,Jeddah,Abdul,Carrefour,Food,8722.3752,9911.79
1832,4/12/2006,Abha,Mjeed,Carrefour,Toys,5928.8175,7905.09
1833,3/23/2006,Abha,Maliha,Lulu,Office,3132.0575,5694.65
1834,6/6/2005,Jubail,Maliha,Carrefour,Home,3305.367,7345.26
1835,9/6/2004,Dammam,Maliha,Carrefour,Toys,3595.4837,8361.59
1836,10/4/2005,Jeddah,Ghalia,Lulu,Food,8748.7752,9941.79
1837,1/26/2006,Dammam,Yahia,Carrefour,Office,1404.801,3121.78
1838,11/29/2005,Dammam,Mjeed,Lulu,Office,840.7795,1528.69
1839,4/19/2006,Jeddah,Maliha,Othaim,Toys,1741.0227,4048.89
1840,1/1/2006,Riyadh,Maliha,Lulu,Home,1251.685,2121.5
1841,5/29/2005,Jubail,Yahia,Othaim,Toys,2669.887,4854.34
1842,7/14/2005,Jeddah,Mjeed,Othaim,Office,7702.4739,8237.94
1843,2/24/2005,Dammam,Yahia,Panda,Office,1958.9674,3377.53
1844,10/8/2005,Jeddah,Mjeed,Othaim,Office,6220.4428,6652.88
1845,7/27/2005,Abha,Ghalia,Othaim,Food,2690.7029,7272.17
1846,6/20/2004,Riyadh,Abdul,Othaim,Office,4481.3686,7595.54
1847,12/18/2004,Hail,Mjeed,Lulu,Toys,758.1889,1763.23
1848,7/24/2005,Jeddah,Abdul,Lulu,Food,3234.281,8741.3
1849,7/30/2004,Abha,Abdul,Panda,Toys,816.15215,872.89
1850,5/12/2006,Hail,Maliha,Panda,Food,4596.955,8358.1
1851,9/12/2004,Hail,Yahia,Othaim,Office,1454.76,1939.68
1852,10/15/2005,Riyadh,Ghalia,Lulu,Food,321.409,584.38
1853,6/6/2006,Abha,Mjeed,Panda,Office,1701.5423,2883.97
1854,7/25/2004,Riyadh,Abdul,Carrefour,Home,7400.6775,9867.57
1855,7/18/2005,Abha,Ghalia,Othaim,Food,4445.8334,7665.23
1856,2/4/2006,Dammam,Abdul,Panda,Home,1142.983,2658.1
1857,3/28/2006,Jeddah,Mjeed,Lulu,Office,6103.3632,6935.64
1858,7/10/2004,Jeddah,Yahia,Panda,Food,1904.6734,3228.26
1859,12/7/2005,Jeddah,Abdul,Carrefour,Home,5858.1041,9928.99
1860,8/23/2004,Jeddah,Maliha,Panda,Food,969.232,1762.24
1861,10/21/2005,Dammam,Ghalia,Carrefour,Food,8597.4559,9195.14
1862,4/30/2006,Jubail,Ghalia,Othaim,Toys,2796.4024,3177.73
1863,7/30/2005,Riyadh,Ghalia,Panda,Food,1054.8079,1787.81
1864,12/28/2004,Jubail,Yahia,Carrefour,Food,3621.7487,9788.51
1865,11/7/2004,Hail,Yahia,Panda,Toys,3407.4755,6195.41
1866,4/4/2006,Jeddah,Maliha,Panda,Food,4973.4025,9042.55
1867,12/20/2005,Riyadh,Maliha,Panda,Home,653.4715,1188.13
1868,8/31/2004,Abha,Ghalia,Othaim,Home,5802.5733,9834.87
1869,8/14/2005,Dammam,Mjeed,Carrefour,Toys,4049.0133,9416.31
1870,12/5/2004,Hail,Abdul,Carrefour,Toys,2640.132,4800.24
1871,8/1/2005,Dammam,Abdul,Lulu,Office,295.2455,536.81
1872,10/17/2005,Dammam,Yahia,Othaim,Toys,4464.9375,5953.25
1873,8/12/2004,Hail,Mjeed,Carrefour,Home,6187.3336,9099.02
1874,9/28/2005,Jubail,Yahia,Carrefour,Office,1000.4775,1333.97
1875,11/29/2004,Abha,Ghalia,Carrefour,Home,2669.4,5932
1876,9/25/2005,Abha,Maliha,Carrefour,Office,4152.5415,9227.87
1877,5/24/2006,Dammam,Mjeed,Lulu,Office,823.9789,2226.97
1878,12/17/2004,Abha,Ghalia,Carrefour,Toys,4085.4915,9078.87
1879,9/23/2004,Dammam,Maliha,Carrefour,Food,1559.4982,3626.74
1880,4/4/2006,Jeddah,Maliha,Panda,Home,1231.7985,2737.33
1881,11/3/2004,Hail,Maliha,Panda,Food,462.1008,679.56
1882,10/6/2005,Dammam,Yahia,Othaim,Home,981.5397,2652.81
1883,6/11/2005,Hail,Yahia,Lulu,Office,2204.4645,4898.81
1884,1/5/2006,Jeddah,Ghalia,Lulu,Home,1349.8266,3648.18
1885,3/26/2006,Jeddah,Maliha,Carrefour,Food,3488.5488,3964.26
1886,8/28/2005,Jeddah,Ghalia,Lulu,Food,2067.9087,4809.09
1887,2/20/2005,Jeddah,Abdul,Othaim,Toys,4808.461,8290.45
1888,8/27/2004,Dammam,Ghalia,Lulu,Office,757.3775,1377.05
1889,9/16/2004,Hail,Ghalia,Lulu,Food,5286.0675,7048.09
1890,12/17/2004,Dammam,Ghalia,Lulu,Toys,758.6964,1115.73
1891,6/8/2006,Jubail,Abdul,Panda,Home,4949.5336,8389.04
1892,12/25/2004,Riyadh,Abdul,Othaim,Toys,3664.6785,8143.73
1893,9/4/2004,Jubail,Maliha,Carrefour,Office,5988.93,7985.24
1894,5/14/2005,Jubail,Ghalia,Lulu,Office,4029.0628,6828.92
1895,1/2/2005,Dammam,Yahia,Othaim,Home,2437.664,3584.8
1896,3/20/2005,Dammam,Yahia,Carrefour,Office,3705.6374,6389.03
1897,9/7/2004,Riyadh,Mjeed,Lulu,Home,3498.1876,8135.32
1898,8/17/2004,Hail,Yahia,Lulu,Home,3740.28,4987.04
1899,5/21/2005,Riyadh,Ghalia,Othaim,Office,268.9725,358.63
1900,9/18/2004,Jeddah,Yahia,Lulu,Office,4373.8032,7541.04
1901,6/21/2004,Dammam,Ghalia,Othaim,Toys,4843.5047,8209.33
1902,5/24/2006,Jubail,Yahia,Lulu,Office,2175.6753,5059.71
1903,12/2/2005,Dammam,Maliha,Othaim,Food,3290.2646,5672.87
1904,4/6/2006,Abha,Abdul,Carrefour,Food,1934.5304,2198.33
1905,3/22/2006,Riyadh,Mjeed,Carrefour,Home,2230.5712,2534.74
1906,8/4/2005,Dammam,Ghalia,Carrefour,Home,872.3924,1282.93
1907,3/17/2005,Hail,Ghalia,Lulu,Office,1445.6381,3907.13
1908,7/28/2005,Jeddah,Yahia,Carrefour,Food,1115.2845,2027.79
1909,3/26/2005,Dammam,Abdul,Lulu,Home,4993.1915,9078.53
1910,8/23/2004,Dammam,Abdul,Carrefour,Office,3304.6065,7343.57
1911,9/2/2005,Jubail,Maliha,Othaim,Office,4357.245,5809.66
1912,12/2/2005,Dammam,Ghalia,Othaim,Food,2579.632,4690.24
1913,2/12/2006,Riyadh,Abdul,Carrefour,Office,236.19035,252.61
1914,1/5/2006,Jubail,Abdul,Othaim,Office,241.6575,322.21
1915,8/1/2004,Dammam,Maliha,Lulu,Food,4595.206,8354.92
1916,1/31/2006,Jubail,Abdul,Panda,Home,3047.44,5540.8
1917,2/13/2006,Dammam,Maliha,Panda,Food,4096.3993,9526.51
1918,9/9/2005,Abha,Ghalia,Panda,Toys,4390.86285,4696.11
1919,9/8/2004,Hail,Ghalia,Panda,Office,1054.1906,1817.57
1920,4/28/2005,Dammam,Ghalia,Carrefour,Office,3689.2464,6252.96
1921,7/20/2005,Hail,Yahia,Lulu,Home,3220.41,4293.88
1922,9/24/2004,Dammam,Mjeed,Panda,Toys,1267.398,2304.36
1923,12/16/2004,Hail,Mjeed,Othaim,Toys,4145.5819,7026.41
1924,5/16/2005,Dammam,Yahia,Panda,Office,2000.2826,4651.82
1925,6/7/2005,Abha,Abdul,Carrefour,Home,4825.2512,5483.24
1926,7/15/2004,Jubail,Maliha,Carrefour,Toys,4614.5072,6786.04
1927,4/21/2005,Jeddah,Yahia,Lulu,Home,2494.6264,4301.08
1928,1/29/2006,Dammam,Ghalia,Othaim,Home,429.60445,459.47
1929,8/24/2005,Jubail,Abdul,Othaim,Home,4788.7173,8116.47
1930,9/8/2004,Abha,Mjeed,Carrefour,Office,422.7245,768.59
1931,12/17/2005,Abha,Ghalia,Panda,Toys,1693.786,4577.8
1932,12/17/2005,Dammam,Ghalia,Carrefour,Food,1382.0286,3214.02
1933,10/15/2004,Dammam,Mjeed,Carrefour,Office,56.5725,75.43
1934,12/4/2004,Abha,Mjeed,Lulu,Office,4262.5165,7750.03
1935,5/5/2006,Hail,Maliha,Carrefour,Office,1974.5041,4591.87
1936,10/3/2004,Jeddah,Abdul,Lulu,Food,2067.7635,5588.55
1937,8/30/2004,Dammam,Yahia,Othaim,Home,744.8433,2013.09
1938,2/20/2005,Riyadh,Mjeed,Othaim,Toys,3261.6914,3488.44
1939,7/29/2004,Jeddah,Mjeed,Othaim,Toys,4675.3355,8500.61
1940,2/6/2006,Riyadh,Ghalia,Panda,Office,3138.5098,7298.86
1941,8/15/2005,Riyadh,Abdul,Lulu,Toys,3647.28,4863.04
1942,9/23/2004,Hail,Yahia,Othaim,Office,1657.1992,2857.24
1943,6/18/2005,Dammam,Abdul,Carrefour,Home,4302.009,9560.02
1944,1/17/2006,Dammam,Ghalia,Panda,Office,746.9715,798.9
1945,11/7/2004,Riyadh,Abdul,Othaim,Office,2972.2392,4370.94
1946,6/28/2004,Dammam,Abdul,Carrefour,Home,844.6229,903.34
1947,4/10/2006,Abha,Mjeed,Carrefour,Office,2373.2788,4091.86
1948,6/1/2005,Dammam,Maliha,Panda,Office,8346.0905,8926.3
1949,5/2/2005,Riyadh,Mjeed,Othaim,Toys,1178.4981,3185.13
1950,9/20/2004,Abha,Yahia,Othaim,Toys,2081.2875,2775.05
1951,2/7/2006,Dammam,Yahia,Lulu,Food,4087.695,7047.75
1952,12/17/2005,Jeddah,Mjeed,Panda,Office,3549.915,7888.7
1953,1/12/2005,Riyadh,Maliha,Panda,Toys,2647.8405,5884.09
1954,8/8/2005,Riyadh,Maliha,Carrefour,Office,2237.4629,3792.31
1955,11/30/2004,Jubail,Mjeed,Carrefour,Toys,6499.43745,6951.27
1956,1/5/2005,Abha,Maliha,Carrefour,Home,218.9583,234.18
1957,10/28/2004,Riyadh,Maliha,Carrefour,Office,748.323,1662.94
1958,3/10/2005,Hail,Mjeed,Othaim,Home,113.475,151.3
1959,2/7/2005,Jeddah,Ghalia,Carrefour,Office,1000.8944,2705.12
1960,5/3/2006,Dammam,Ghalia,Panda,Food,3843.0653,6513.67
1961,8/28/2005,Abha,Ghalia,Panda,Home,489.078,1086.84
1962,12/17/2004,Dammam,Maliha,Othaim,Home,3075.82,5592.4
1963,11/24/2005,Jeddah,Abdul,Carrefour,Office,3269.8447,7604.29
1964,5/27/2006,Dammam,Ghalia,Lulu,Office,87.246,193.88
1965,3/23/2006,Riyadh,Ghalia,Panda,Office,1050.7852,2839.96
1966,10/9/2004,Jubail,Mjeed,Carrefour,Toys,5385.81,7181.08
1967,12/25/2004,Jubail,Mjeed,Lulu,Toys,2636.7345,5859.41
1968,12/23/2004,Hail,Ghalia,Carrefour,Food,4064.72,7390.4
1969,2/20/2006,Hail,Yahia,Panda,Home,1003.5074,1700.86
1970,5/29/2006,Jubail,Yahia,Carrefour,Office,305.0157,326.22
1971,12/31/2004,Riyadh,Yahia,Lulu,Home,5394.145,9300.25
1972,2/14/2005,Abha,Mjeed,Panda,Toys,8318.6202,8896.92
1973,12/1/2005,Abha,Maliha,Carrefour,Food,5728.7472,6509.94
1974,12/19/2005,Abha,Maliha,Carrefour,Office,1619.3485,2944.27
1975,5/20/2005,Jeddah,Yahia,Panda,Home,3266.3488,3711.76
1976,1/12/2005,Jubail,Yahia,Lulu,Office,2118.4757,5725.61
1977,7/12/2005,Abha,Maliha,Carrefour,Home,3653.8684,9875.32
1978,3/26/2006,Dammam,Maliha,Lulu,Home,2675.9325,3567.91
1979,7/1/2005,Riyadh,Mjeed,Lulu,Food,7429.1272,8442.19
1980,10/7/2004,Abha,Ghalia,Lulu,Food,4572.0066,7882.77
1981,8/30/2005,Hail,Abdul,Othaim,Home,1506.7028,3503.96
1982,10/20/2004,Riyadh,Mjeed,Panda,Office,5499.7788,8087.91
1983,10/2/2005,Abha,Ghalia,Panda,Toys,96.9884,142.63
1984,6/26/2004,Riyadh,Yahia,Lulu,Toys,3712.2151,6291.89
1985,8/30/2004,Abha,Ghalia,Lulu,Toys,3366.8195,6121.49
1986,3/6/2006,Abha,Abdul,Panda,Food,1880.9748,4374.36
1987,5/4/2005,Jeddah,Ghalia,Othaim,Food,424.6825,772.15
1988,4/20/2006,Riyadh,Yahia,Panda,Food,5717.9142,9691.38
1989,9/16/2004,Hail,Abdul,Panda,Home,2182.1965,2333.9
1990,8/13/2004,Dammam,Abdul,Lulu,Office,2791.8868,7545.64
1991,10/7/2004,Jubail,Yahia,Othaim,Home,1155.0808,3121.84
1992,1/7/2005,Jeddah,Abdul,Carrefour,Office,2851.1775,6335.95
1993,3/20/2005,Dammam,Yahia,Carrefour,Food,877.4865,1595.43
1994,2/12/2005,Jeddah,Maliha,Othaim,Food,6955.60525,7439.15
1995,9/18/2005,Dammam,Ghalia,Lulu,Home,3598.8478,6204.91
1996,1/14/2005,Dammam,Yahia,Lulu,Office,7063.188,8026.35
1997,1/15/2005,Dammam,Mjeed,Othaim,Food,2585.06,4457
1998,8/23/2004,Hail,Abdul,Carrefour,Office,3081.9657,3296.22
